"ds","ngen","nenv","r","H2_single_mean","H2_single_median","H2_true_1env","H2_MET","sigma2_G","sigma2_GE","sigma2_e","rho","fill","inflation","infl_lo","infl_hi","nboot"
"acorsi.grayleafspot",36,9,2,0.69016175446317,0.819294695608336,0.320007805153303,0.808994306680631,0.00383714221937006,0.00710633476966226,0.00209459995642041,1.8519862865101,1,0.370153949309867,0.0722190421455001,0.437434767380668,200
"barrero.maize",847,107,0.2,0.751786187466592,0.781830619436602,0.103224166546727,0.924904226073176,0.602155602333901,0.303957239983548,0.774587931899924,0.504781884957039,0.0378024694082468,0.648562020919865,0.574074903993332,0.625338618818523,40
"buntaran.wheat",30,18,2,0.691178888524308,0.746582960735109,0.188551734913715,0.807045174797163,807.463421855522,2355.40142358149,2216.36441390757,2.91703792373512,0.998148148148148,0.502627153610593,0.370447280054919,0.561398476059137,200
"damesa.maize",22,4,3,0.474855823999122,0.474413137144624,0.058695374644241,0.199629511648242,0.0286656608541602,0.175421172551965,0.852880204372366,6.11955794232129,1,0.416160449354881,-0.256206528607614,0.466027512887773,200
"dasilva.maize",55,9,3,0.621350770459648,0.679462024788087,0.31093148547908,0.802414904212629,0.326625716980042,0.335137576602766,1.16613477935102,1.02605997991041,1,0.310419284980568,0.118741931570956,0.3468285058567,200
"edwards.oats",80,34,1.4,0.781794468348995,0.778708184657483,0.351118334774635,0.948447877951459,71.6003393363198,64.8682035076299,91.6061463393839,0.905976202192733,0.454044117647059,0.43067613357436,0.309997607638134,0.443293331735825,40
"gauch.soy",7,55,3.8,0.728910391685563,0.771697404246208,0.201858596381204,0.932931346478347,31275.3923014419,95113.5011122154,107815.950980139,3.04116092918938,1,0.527051795304359,0.409691958995251,0.596165609139465,200
"george.wheat",211,103,0.6,0.839717947025018,0.894691452603243,0.363285523747558,0.983268626692191,656382.595514708,515712.394584371,407489.722557267,0.785688709768379,0.16454240095707,0.47643242327746,0.411963015225651,0.510117862404276,40
"kang.peanut",10,15,3.9,0.637333973026884,0.71740347736081,0.0295646297458444,0.313648727291052,0.00533968402230702,0.133008604313566,0.166231560332242,24.9094522743126,1,0.60776934328104,0.300409693865819,0.697150841075346,200
"lee.potatoblight",337,11,3.9,0.846709417162621,0.91321901506357,0.376512190356528,0.869155958176647,1.03497727262846,0.193830511077304,5.92477925195092,0.187279968559161,0.160237388724036,0.470197226806093,0.237880034499776,0.4038748437549,40
"linder.wheat",9,7,4,0.577235184659103,0.603652245898733,0,0,0,599.361365312388,1382.05523341928,Inf,1,0.577235184659103,-0.00331173236474748,0.678347694934546,200
"lu.stability",5,6,4,0.646625419727995,0.601555086250625,0.364143769067594,0.774576529673159,69171.9827436311,76869.0560428094,175667.41270722,1.11127443502242,1,0.2824816506604,-0.103099414806957,0.467819415420473,200
"omer.sorghum",18,6,4,0.828242809084362,0.843924360213043,0.0407765394986503,0.203225146022396,1169.33534344673,21342.4643935925,24659.4787467892,18.2517910821745,1,0.787466269585711,0.301882410808931,0.857580100899291,200
"onofri.winterwheat",8,7,3,0.795601653611425,0.847107177815218,0.176401888083935,0.59988652388792,0.0471082123016655,0.170340957418151,0.148803988934221,3.61595036396931,1,0.61919976552749,0.208091326773371,0.639350780430087,200
"shafii.rapeseed",6,27,4,0.632526686024391,0.758342406640172,0.00330255976108302,0.0821179299041543,774.726776934818,175085.246984376,234895.012397289,225.996121725772,1,0.629224126263308,0.4196642612934,0.730388302566494,200
"shaw.oats",13,6,5,0.88542007835278,0.91482923139389,0.517251463417518,0.865389319867732,29.5606809628989,23.2692927994185,21.5978095766898,0.787170391258017,1,0.368168614935262,0.102614239751375,0.486511200196511,200
"tesfaye.millet",47,7,1.3,0.57939499033576,0.599864208888372,0.210331811045628,0.650896826893377,45472.6261496301,49834.8246345025,152486.97584934,1.09593020800071,0.495440729483283,0.369063179290132,-0.165044203098626,0.394115920606863,200
"vargas.wheat1.traits",7,6,3,0.970964895295856,0.971726773012114,0.911962791718104,0.984165439898242,1674338.57076506,113402.391686298,144694.494704908,0.0677296657118045,1,0.059002103577752,-0.000402051126022856,0.0661898704354275,200
"verbyla.lupin",9,11,14.1,0.629215192660226,0.645594569390502,0.134753789218372,0.631423963948559,0.00380160290897007,0.0190189329403089,0.0757998459515712,5.00287205047975,0.94949494949495,0.494461403441854,-0.0132169523227,0.6295924266868,200
