"ds","env","H2_single","sigma2_g","sigma2_e","r"
"acorsi.grayleafspot","CM",0.945168753357635,0.0640106347902522,0.00742678572784058,2
"acorsi.grayleafspot","GO",0.925531214251272,0.00761704687162456,0.00122574414084976,2
"acorsi.grayleafspot","GS",0.139488706157873,1.13284229025414e-05,0.000139770969529586,2
"acorsi.grayleafspot","JT",0.918251264914919,0.00855611014148573,0.00152344180300127,2
"acorsi.grayleafspot","LD",0.610344969255877,0.000421995215024117,0.000538818428157337,2
"acorsi.grayleafspot","PG",0.110849921653832,0.000109911784613761,0.00176325017541615,2
"acorsi.grayleafspot","PL",0.951592004979108,0.00677968658344245,0.000689772576182362,2
"acorsi.grayleafspot","PM",0.790934259989679,0.00797715238392262,0.00421716279262359,2
"acorsi.grayleafspot","SP",0.819294695608336,0.00300743314161585,0.00132665114080776,2
"barrero.maize","2000BA",0.792696954885332,0.421772797382078,0.457422215884889,4.14705882352941
"barrero.maize","2000CA",0.668449569519172,0.267909233830308,0.531531028556851,4
"barrero.maize","2000CC",0.802222598401914,0.273985742611998,0.277427525415774,4.10714285714286
"barrero.maize","2000CS",0.789185139278192,0.833972013650833,0.938853383974992,4.21428571428571
"barrero.maize","2000DU",0.698435406247458,0.86727854762186,1.7752475122032,4.74074074074074
"barrero.maize","2000GR",0.706713248726775,0.338078814958178,0.612231571435168,4.36363636363636
"barrero.maize","2000PR",0.843956021004598,0.478330969623007,0.343560895528899,3.88461538461538
"barrero.maize","2000SL",0.857075361861083,1.50732725552397,1.20652654161877,4.8
"barrero.maize","2000WE",0.877405061329027,1.12897092883424,0.757175236197142,4.8
"barrero.maize","2000WH",0.715839191339727,0.464034640971417,0.721027175518516,3.91428571428571
"barrero.maize","2001BA",0.810116767258715,0.338371767323512,0.308746172388436,3.89285714285714
"barrero.maize","2001CA",0.677569728910992,0.306182901302537,0.560388738533714,3.84615384615385
"barrero.maize","2001CS",0.482085210336743,0.315320108530626,1.35502142927936,4
"barrero.maize","2001DU",0.724112170798297,1.21364883582681,1.84960814764539,4
"barrero.maize","2001GR",0.775167189798526,0.43856349736655,0.525224605960667,4.12903225806452
"barrero.maize","2001HW",0.313652743516618,0.217545857172415,2.35754327385509,4.95238095238095
"barrero.maize","2001PR",0.733499467838221,0.344875201805739,0.501210587549609,4
"barrero.maize","2001SL",0.829512947264722,1.63224436912592,1.39555431443851,4.16
"barrero.maize","2001WE",0.822439525014035,0.532392564764319,0.551715955102339,4.8
"barrero.maize","2001WH",0.570527428114072,0.165392755960911,0.498006923233368,4
"barrero.maize","2002BA",0.895194841156988,0.557406770514953,0.295082077620915,4.52173913043478
"barrero.maize","2002CA",0.577463843824668,0.262258598679219,0.807988542129889,4.21052631578947
"barrero.maize","2002CS",0.626775690373224,0.287661959482738,0.815682076066388,4.76190476190476
"barrero.maize","2002DU",0.860355719803897,2.95499880059197,1.97845585010483,4.125
"barrero.maize","2002GR",0.758622537888864,0.259413261004732,0.33015899977635,4
"barrero.maize","2002PR",0.806402875172955,1.32847392089283,1.41748134096209,4.44444444444444
"barrero.maize","2002SL",0.576649648994776,0.881609120049582,2.69250982683116,4.16
"barrero.maize","2002WE",0.851821928324035,0.837215527248011,0.647276558527098,4.44444444444444
"barrero.maize","2002WH",0.763043365853826,1.58558726953248,2.04834512385829,4.16
"barrero.maize","2003BA",0.848985857770025,0.712706974956782,0.527377386840367,4.16
"barrero.maize","2003CA",0.707687990920704,0.507479974484934,0.882592286058639,4.21052631578947
"barrero.maize","2003CC",0.632648602327468,0.257430069791878,0.597913569037077,4
"barrero.maize","2003CS",0.774386676869299,0.674160121180152,0.818386934486446,4.16666666666667
"barrero.maize","2003DU",0.876444687066585,2.72920047847369,1.53897775479457,4
"barrero.maize","2003GR",0.825358558703804,0.323121894863075,0.280556282446973,4.10344827586207
"barrero.maize","2003PR",0.813992329614291,0.502572837966112,0.540443900503018,4.70588235294118
"barrero.maize","2003SL",0.850544592917974,2.49597167789363,1.75434170667064,4
"barrero.maize","2003WE",0.710752139164752,0.180855339947301,0.428223607121228,5.81818181818182
"barrero.maize","2003WH",0.803157649507738,0.361147964591321,0.379337806411746,4.28571428571429
"barrero.maize","2004BA",0.714222058628542,0.290834449202743,0.540557739410083,4.64516129032258
"barrero.maize","2004CA",0.871030466989098,0.508829844863275,0.301360514751535,4
"barrero.maize","2004CC",0.597868675282199,0.247918573152134,0.784715505875009,4.70588235294118
"barrero.maize","2004CS",0.581374268089992,0.206346716435032,0.67537502350513,4.54545454545455
"barrero.maize","2004DA",0.661211125284383,0.815653344808026,1.7700200449522,4.23529411764706
"barrero.maize","2004DU",0.794852203359705,1.15990803698443,1.30632904859239,4.36363636363636
"barrero.maize","2004GR",0.850485683807345,0.273198960134551,0.211679114735603,4.40740740740741
"barrero.maize","2004PR",0.880621258540874,0.480124522371482,0.325433100032931,5
"barrero.maize","2004WE",0.909635424453455,0.405574189908535,0.193393732241185,4.8
"barrero.maize","2004WH",0.702108202919749,0.162247075534686,0.305948872274493,4.44444444444444
"barrero.maize","2005BA",0.781830619436602,0.714462198746287,0.804239361448822,4.03389830508475
"barrero.maize","2005CA",0.701688183414273,0.270140706056486,0.459384476821857,4
"barrero.maize","2005CS",0.364835902829346,0.257763312583831,1.79502072522296,4
"barrero.maize","2005DA",0.840570750117658,2.54758529281658,2.03450540662899,4.21052631578947
"barrero.maize","2005DU",0.710553302604132,1.11885924303245,1.91692230436048,4.20588235294118
"barrero.maize","2005GR",0.945428909610587,0.956760513611418,0.219796143819469,3.98
"barrero.maize","2005PR",0.813479970771706,0.434572954118884,0.367567309193664,3.68888888888889
"barrero.maize","2005WE",0.939007130018226,0.952442535031017,0.247462247504468,4
"barrero.maize","2005WH",0.752838952789694,0.68636125525507,0.915727409916868,4.06382978723404
"barrero.maize","2006BA",0.753723415296591,0.205391024456659,0.264714919836648,3.94444444444444
"barrero.maize","2006CS",0.664399094173298,0.565028733643614,0.975693710837362,3.41860465116279
"barrero.maize","2006DA",0.759115577133011,1.96848236970124,2.74843214507172,4.4
"barrero.maize","2006DU",0.839183745035657,1.2688959446028,1.14634354660556,4.71428571428571
"barrero.maize","2006GR",0.532977018238082,0.185237196490113,0.58108678059699,3.58
"barrero.maize","2006HO",0.88002856125847,0.498123814787296,0.283977251593209,4.18181818181818
"barrero.maize","2006PR",0.844112861370099,0.359415179902149,0.265501008403812,4
"barrero.maize","2006WE",0.884826112420107,1.02060141854324,0.606328047673253,4.56410256410256
"barrero.maize","2006WH",0.904575296904116,0.937444081088187,0.397586483399594,4.02040816326531
"barrero.maize","2007BA",0.792588210944865,0.392761654248877,0.411125960518134,4
"barrero.maize","2007CC",0.232510222291321,0.0240581589760468,0.417782720002595,5.26086956521739
"barrero.maize","2007CS",0.435941365258406,0.22472384408397,1.14776503269042,3.94736842105263
"barrero.maize","2007DA",0.760503946031215,0.951143038302592,1.27981706487222,4.27272727272727
"barrero.maize","2007DU",0.719271668785055,0.721476556301754,1.26714999774056,4.5
"barrero.maize","2007GR",0.636903119637064,0.288318389516353,0.657478379721608,4
"barrero.maize","2007HO",0.84272488360709,0.711848595605279,0.595682630196983,4.48387096774194
"barrero.maize","2007PR",0.702621062461156,0.25492136136716,0.420507988887533,3.8974358974359
"barrero.maize","2007TY",0.65968258307789,0.264118347028562,0.574634407848423,4.21739130434783
"barrero.maize","2007WE",0.974101484442642,1.11571526022754,0.12907680058086,4.35135135135135
"barrero.maize","2007WH",0.873636183186509,0.644400231589601,0.366007369227855,3.92682926829268
"barrero.maize","2008BA",0.886230740059615,0.602056127428292,0.288991932417627,3.73913043478261
"barrero.maize","2008CS",0.716148593961559,0.614279226419749,0.966942147360499,3.97142857142857
"barrero.maize","2008DA",0.61897069675003,0.402926821200713,0.94937861713239,3.82758620689655
"barrero.maize","2008DU",0.703848083345042,0.529350341562308,0.921641582913407,4.13793103448276
"barrero.maize","2008GR",0.822912985237134,0.274413135703327,0.236209678958541,4
"barrero.maize","2008HO",0.770439111632532,0.159595467826371,0.182897083876129,3.84615384615385
"barrero.maize","2008PR",0.849442784391322,0.32596665218875,0.228349156940847,3.95238095238095
"barrero.maize","2008TY",0.415870617373379,0.11072133430597,0.808696325586059,5.2
"barrero.maize","2008WE",0.886422906468077,0.565502594630708,0.296842724807851,4.09677419354839
"barrero.maize","2008WH",0.836733463295268,0.438343525029585,0.309368222184452,3.61702127659574
"barrero.maize","2009BA",0.618831630658311,0.135762477924608,0.330309604535531,3.95
"barrero.maize","2009CS",0.323266158873455,0.119101460814696,1.02289278574872,4.1025641025641
"barrero.maize","2009DA",0.775206435249959,0.537461572269292,0.733423783138678,4.70588235294118
"barrero.maize","2009DU",0.52977661210332,0.337131784831834,1.39055866038125,4.64705882352941
"barrero.maize","2009HO",0.729395731289387,0.289040342502887,0.425235713330118,3.96551724137931
"barrero.maize","2009LE",0.375299686401321,0.0587031030142531,0.296292556103437,3.03225806451613
"barrero.maize","2009TY",0.923373044548569,0.979170712604633,0.296009012196452,3.64285714285714
"barrero.maize","2009WE",0.905070325348114,0.889806334938574,0.390506878119352,4.18421052631579
"barrero.maize","2009WH",0.678244468552881,0.171869729719612,0.333548493813182,4.09090909090909
"barrero.maize","2010BA",0.872431502028231,0.861012128180379,0.498121088523016,3.95652173913043
"barrero.maize","2010CC",0.93331583757225,1.66586401453437,0.476094981166133,4
"barrero.maize","2010CS",0.721906280523733,1.26552490001302,2.05375383569024,4.21276595744681
"barrero.maize","2010DA",0.930049470247499,2.97549987435659,0.991079625883463,4.42857142857143
"barrero.maize","2010DU",0.959927494816082,3.45111991522366,0.743577776258259,5.16129032258065
"barrero.maize","2010HO",0.964528051646076,2.3981032729647,0.352775205659624,4
"barrero.maize","2010TH",0.824116648445344,0.566200630199123,0.464020980973785,3.84
"barrero.maize","2010TY",0.945591863223813,2.35304176173057,0.530875195618373,3.92105263157895
"barrero.maize","2010WE",0.953915825826541,1.74713940709032,0.413413330670949,4.89795918367347
"barrero.maize","2010WH",0.811834240856245,1.34986506999162,1.32231748424437,4.22641509433962
"buntaran.wheat","07bm20",0.837460468249112,1783.2209609107,692.197210456449,2
"buntaran.wheat","07bm21",0.457028797667223,885.31091629781,2103.5800593492,2
"buntaran.wheat","07bm22",0.46984810469256,1329.81926420838,3000.99626366581,2
"buntaran.wheat","07bm23",0.869989093150671,1010.67791051051,302.070802295218,2
"buntaran.wheat","07bm25",0.686997197029227,1228.87947541986,1119.77959148298,2
"buntaran.wheat","07bm26",0.634672220164221,789.362488888416,908.740090992582,2
"buntaran.wheat","07bm27",0.542242958129223,2405.54923183254,4061.48972127643,2
"buntaran.wheat","07bm28",0.913720705420266,2314.95856857958,437.186092191028,2
"buntaran.wheat","07bm29",0.872560460142788,9140.66439317005,2358.52804191934,1.76666666666667
"buntaran.wheat","07bm30",0.799733471380767,10680.6699444025,5349.2338876357,2
"buntaran.wheat","07bm32",0.489307117321078,590.925679963747,1233.50561750224,2
"buntaran.wheat","07bm35",0.770437465455293,12195.871797121,7267.85849926162,2
"buntaran.wheat","07bm36",0.792607836588824,1420.23053606869,743.229299083249,2
"buntaran.wheat","07bm37",0.861156351359916,4474.29453334562,1442.77488546433,2
"buntaran.wheat","07bm38",0.607760897360175,1788.36110886645,2308.35896019165,2
"buntaran.wheat","07bm39",0.836301227124834,2394.26777317598,937.314650968365,2
"buntaran.wheat","07bm40",0.276667166186443,776.454251832098,4060.00366466195,2
"buntaran.wheat","07bm41",0.722728456014925,1984.00584706869,1471.56629736494,1.93333333333333
"damesa.maize","S1",0.243455147226111,0.158136143927581,1.47423975737274,3
"damesa.maize","S2",0.528816655711895,0.243738959870291,0.651524892443387,3
"damesa.maize","S3",0.420009618577354,0.265770420296432,1.10100541002393,3
"damesa.maize","S4",0.707141874481127,0.148701443051657,0.184751154381914,3
"dasilva.maize","E1",0.706524701296268,0.561640416112222,0.699880366165026,3
"dasilva.maize","E2",0.679462024788087,0.209433530142011,0.296402435651089,3
"dasilva.maize","E3",0.665654372154013,0.276716725016317,0.416968765013954,3
"dasilva.maize","E4",0.449426291226586,0.460602114871135,1.69279425528061,3
"dasilva.maize","E5",0.807491773559949,1.16763216742126,0.835100016042197,3
"dasilva.maize","E6",0.711832721566466,1.47541729629945,1.7918549145623,3
"dasilva.maize","E7",0.697196458465455,0.700585606937645,0.912826508309175,3
"dasilva.maize","E8",0.354733887414527,0.294329459784591,1.60616873441797,3
"dasilva.maize","E9",0.519834703665477,0.809514079536835,2.24321634442806,3
"edwards.oats","Ame_1997",0.761644887878273,110.853628058965,98.4485730884854,2.83783783783784
"edwards.oats","Ame_1998",0.902216389427826,241.589638401761,76.4285626719603,2.91891891891892
"edwards.oats","Ame_1999",0.727359061304751,187.445548203042,210.784465067291,3
"edwards.oats","Ame_2000",0.790426290222371,254.463980975079,208.188843521194,3.08571428571429
"edwards.oats","Ame_2001",0.772373766104049,105.084881336165,92.9086803346912,3
"edwards.oats","Ame_2002",0.666599051686984,53.8615414290541,80.816897104497,3
"edwards.oats","Ame_2003",0.895146845324086,315.201289974936,110.763445521022,3
"edwards.oats","Cra_1997",0.815111577999229,106.388460329341,72.3949766398809,3
"edwards.oats","Cra_1998",0.89723181621843,114.329515235627,38.2238483476824,2.91891891891892
"edwards.oats","Cra_1999",0.777988454482462,189.031867850161,161.829871221157,3
"edwards.oats","Cra_2000",0.841138045967127,74.9282927348716,43.6670819545083,3.08571428571429
"edwards.oats","Cra_2001",0.75306852607167,80.3463399879414,79.0367920226196,3
"edwards.oats","Cra_2002",0.659961720164073,63.785317777859,98.5941263255946,3
"edwards.oats","Cra_2003",0.905806221014517,204.318758245656,63.7406395880932,3
"edwards.oats","Lew_1997",0.762186363212085,125.954126128774,117.898759078661,3
"edwards.oats","Lew_1998",0.847767050189403,99.1700656854283,52.9290388427154,2.97222222222222
"edwards.oats","Lew_1999",0.652432475769846,79.7410115410546,126.260247780199,2.97222222222222
"edwards.oats","Lew_2000",0.708625520691214,68.6009608777741,85.4284921706185,3.02857142857143
"edwards.oats","Lew_2001",0.760321018280859,116.958156662472,110.607537679252,3
"edwards.oats","Lew_2002",0.859510928055732,198.192889341265,97.1852742552975,3
"edwards.oats","Lew_2003",0.909790961592352,210.44851269382,62.0362099868619,2.97297297297297
"edwards.oats","Nas_1997",0.780134113953215,128.600978284759,102.853820547119,2.83783783783784
"edwards.oats","Nas_1998",0.858685422123642,98.2648151829411,47.1669414856509,2.91666666666667
"edwards.oats","Nas_1999",0.542609127888041,35.1595398615904,88.9129122999175,3
"edwards.oats","Nas_2000",0.671794422571372,86.8982672217836,131.001536923665,3.08571428571429
"edwards.oats","Nas_2001",0.740133959608013,75.4191623068578,79.4405343408793,3
"edwards.oats","Nas_2002",0.601939079499499,82.0404897659379,162.759558168386,3
"edwards.oats","Nas_2003",0.857654865401844,149.813448494161,74.5936961968618,3
"edwards.oats","Sut_1997",0.740506153065977,107.961333345809,113.497915962088,3
"edwards.oats","Sut_1999",0.837358769201447,128.907571837401,75.1136319843472,3
"edwards.oats","Sut_2000",0.799256784858432,38.9869956036609,30.2155166221305,3.08571428571429
"edwards.oats","Sut_2001",0.779427914832503,60.0074562070144,50.944941113725,3
"edwards.oats","Sut_2002",0.776801674308767,48.5967086017139,41.889858194471,3
"edwards.oats","Sut_2003",0.928002664895741,121.623713332861,28.3078386841726,3
"gauch.soy","A77",0.632986776964688,39734.0833341027,92153.1666663312,4
"gauch.soy","A79",0.827632979952828,90170.8229989269,69752.1705586918,3.71428571428571
"gauch.soy","A80",0.724712923259655,79948.6768668114,121476.169873888,4
"gauch.soy","A81",0.606323046338762,69063.73632973,179368.417485884,4
"gauch.soy","A82",0.723367619234719,55163.5601927999,81369.5588937038,3.85714285714286
"gauch.soy","A83",1.32244623746745e-14,7.08470383739141e-10,214290.869047618,4
"gauch.soy","A84",0.844102235701017,107490.543695321,79409.9801499317,4
"gauch.soy","A85",0.585681797595632,32873.3168958499,69764.9147673934,3
"gauch.soy","A86",0.855934519586376,127642.338790458,85935.8020417368,4
"gauch.soy","A87",0.699563291796644,64252.1150886828,110375.68253629,4
"gauch.soy","A88",0.875654877292489,102741.184318194,58357.9924120884,4
"gauch.soy","C77",0.965754106887478,480247.261725344,68118.7738176238,4
"gauch.soy","C79",0.954431792573297,284275.081364001,52350.5879646571,3.85714285714286
"gauch.soy","C80",0.956543844670166,298296.210083202,40655.1351887469,3
"gauch.soy","C81",0.941599406321475,340280.743421819,84420.6030708534,4
"gauch.soy","C84",0.761817027428147,52305.5954015587,65413.6189995251,4
"gauch.soy","C85",0.712098908903762,44836.6940160958,69920.1413311813,3.85714285714286
"gauch.soy","C86",0.973906905733579,156407.88102116,16762.0357119135,4
"gauch.soy","C87",0.973513427832963,584814.098375682,63644.6108623614,4
"gauch.soy","C88",0.907616716007643,216362.49627938,88091.2728315365,4
"gauch.soy","D80",0.699470420097652,102414.797754688,176011.309474407,4
"gauch.soy","D81",0.658097853297357,112085.977030495,224609.623280053,3.85714285714286
"gauch.soy","E86",0.886608426192769,163724.643617763,71792.021805034,3.42857142857143
"gauch.soy","E87",0,0,163564.992753623,3.85714285714286
"gauch.soy","E88",0.672362643324547,44510.6888134941,80561.8555610443,3.71428571428571
"gauch.soy","G79",0.675913086041279,83156.3637951074,119615.479600609,3
"gauch.soy","G80",0.705591929781834,107780.019906042,179884.7539451,4
"gauch.soy","G81",0.771697404246208,117481.221848637,139024.792633947,4
"gauch.soy","G82",0.843944015748232,151430.327732053,112005.575719815,4
"gauch.soy","G83",0.848495042965961,198727.806292501,141937.176903564,4
"gauch.soy","G84",0.6400647763714,73149.397903066,129281.331921166,3.14285714285714
"gauch.soy","G85",0.676119829215467,31639.7659629539,60625.3055205012,4
"gauch.soy","G86",0.74858560993757,156881.469558231,195702.157679469,3.71428571428571
"gauch.soy","G87",0.346825837076968,34890.6710785319,262837.221904958,4
"gauch.soy","G88",0.751659257914285,214421.825468524,283371.353152677,4
"gauch.soy","I83",0.882832269172389,128552.39447,68244.8654335026,4
"gauch.soy","I84",0.712495843323783,28815.0198393407,46509.3968260717,4
"gauch.soy","I85",0.814579570336993,21638.777783109,19702.2936495524,4
"gauch.soy","L80",0.00744778726949908,876.341258765366,233576.611151811,2
"gauch.soy","L81",0.46948873889063,12261.3972158555,55420.3648446764,4
"gauch.soy","L82",0.894801322945971,160830.834030971,37816.6427243332,2
"gauch.soy","N84",0.897106289248422,89385.6468724918,41008.3888826421,4
"gauch.soy","N85",0.855169158800336,100951.699389889,68388.43235967,4
"gauch.soy","N86",0.804858357668547,94393.2663420477,91544.3411552578,4
"gauch.soy","N87",0.514298743423854,14625.3888799885,55248.587306548,4
"gauch.soy","N88",0.888499531640235,110680.234516653,53574.1492542433,3.85714285714286
"gauch.soy","R79",0.818716043861057,146904.509952443,130113.149429626,4
"gauch.soy","R80",0.742053098329994,85607.6272353166,89274.8332472459,3
"gauch.soy","R81",0.9063979266118,274458.670827544,113371.400770338,4
"gauch.soy","V77",0.819463411897808,304202.867433495,201057.473634449,3
"gauch.soy","V78",0.783032174591304,77526.1349582929,85925.8531644439,4
"gauch.soy","V79",0.910947218827528,192263.587888788,75181.5554878431,4
"gauch.soy","V80",0.51203851390497,31666.8054477423,120711.087361919,4
"gauch.soy","V81",0.616217692861925,75874.6386237534,189019.849326634,4
"gauch.soy","V82",0.790949512806057,142531.600076759,145304.580807566,3.85714285714286
"george.wheat","Colusa_2005",0.940345256425059,1011274.46169072,256617.740277204,4
"george.wheat","Colusa_2007",0.932823679099421,1436158.24348604,413693.73093775,4
"george.wheat","Colusa_2008",0.952639924092886,3461153.27414518,688278.866522456,4
"george.wheat","Colusa_2009",0.937003667734463,2119141.84561446,569893.879484637,4
"george.wheat","Colusa_2010",0.939094675315786,2368383.29559356,614409.419566939,4
"george.wheat","Colusa_2011",0.972790893418899,2978404.9694365,333225.727351383,4
"george.wheat","Colusa_2012",0.875617145338673,695172.69137862,395001.693589847,4
"george.wheat","Colusa_2013",0.86699366921194,498217.241962228,305727.940777127,4
"george.wheat","Colusa_2014",0.880375701968495,876655.696943189,476475.314471601,4
"george.wheat","Colusa_2016",0.88855305448163,711007.732029329,352254.236616539,3.95
"george.wheat","Colusa_2017",0.771228385341221,1139993.55143675,1112168.85287962,3.28888888888889
"george.wheat","Colusa_2018",0.506180477242841,368169.930193461,1160425.10992604,3.23076923076923
"george.wheat","Delta_2005",0.945721119675493,1053196.37000847,241789.333183172,4
"george.wheat","Delta_2006",0.894691452603243,1269311.08779852,597610.747087067,4
"george.wheat","Delta_2007",0.89278253481654,689422.107745202,331180.720729794,4
"george.wheat","Delta_2008",0.967000097218906,2475134.0951386,337866.292856238,4
"george.wheat","Delta_2009",0.944472064859864,1766772.94287954,415492.451411442,4
"george.wheat","Delta_2010",0.971024483475185,3369799.74000332,402221.322792341,4
"george.wheat","Delta_2011",0.969527800698041,1944025.73298866,244402.438139954,4
"george.wheat","Delta_2012",0.413530843191566,172774.490600329,612571.658732614,2.5
"george.wheat","Delta_2013",0.91932690897671,485436.494375134,170392.760678971,4
"george.wheat","Delta_2014",0.965017987294384,1975604.89152102,286463.615503084,4
"george.wheat","Delta_2015",0.834394786352343,2585877.92574269,1539684.35576447,3
"george.wheat","Fresno_2008",0.978887137275,3900387.40096326,336497.807091828,4
"george.wheat","Fresno_2009",0.933742015653995,1235250.55009822,350611.668917896,4
"george.wheat","Fresno_2010",0.972593821615282,1508952.31734585,170079.700134354,4
"george.wheat","Fresno_2011",0.945432918463177,1459307.27577895,336904.448955084,4
"george.wheat","Fresno_2012",0.720728532048318,136959.072172853,194588.46328238,3.66666666666667
"george.wheat","Fresno_2013",0.776883396226968,238215.363997225,273656.526782506,4
"george.wheat","Fresno_2014",0.891511103846277,333773.147518535,162468.779957151,4
"george.wheat","Fresno_2015",0.891297574440729,841393.753562148,410464.673013456,4
"george.wheat","Fresno_2016",0.899839763429893,794744.028882398,351637.001267256,3.975
"george.wheat","Fresno_2017",0.925615387307796,871934.924773169,280282.901781498,4
"george.wheat","Fresno_2018",0.578175984860844,187713.265346064,540782.128310269,3.94871794871795
"george.wheat","Imperial_2005",0.860369909112783,524621.699247517,340565.028002319,4
"george.wheat","Imperial_2006",0.920665518829428,878920.297777738,302949.048871244,4
"george.wheat","Imperial_2007",0.932637513380889,1176826.10783828,339998.903346284,4
"george.wheat","Imperial_2008",0.957111922682627,2059738.07534801,369186.523479781,4
"george.wheat","Imperial_2009",0.966002719193302,3111528.43706515,438025.707013615,4
"george.wheat","Imperial_2010",0.865169512758415,459926.742734362,286705.187382741,4
"george.wheat","Imperial_2011",0.87788212473972,935883.675184901,520744.745489595,4
"george.wheat","Imperial_2012",0.975920426249242,959597.241562975,94707.281158345,4
"george.wheat","Imperial_2013",0.950053003132899,791590.076185684,166464.594816903,4
"george.wheat","Imperial_2014",0.985050745889903,2240916.83511482,136033.743835043,4
"george.wheat","Imperial_2015",0.775318419266505,338858.768063161,392795.123974298,4
"george.wheat","Imperial_2016",0.899353119024206,617899.104380747,274868.374596298,3.975
"george.wheat","Imperial_2017",0.918285134194054,776794.586610448,276496.539212163,4
"george.wheat","Imperial_2018",0.259687618553622,61654.9590318533,698552.214533185,3.97435897435897
"george.wheat","Kern_2005",0.967724487141369,1787143.16694375,238418.942710833,4
"george.wheat","Kern_2006",0.919261023117872,942507.650908903,331122.941250626,4
"george.wheat","Kern_2007",0.891975811326986,395844.309002868,191757.488388614,4
"george.wheat","Kern_2008",0.945228083508876,614971.397668158,142539.827688875,4
"george.wheat","Kern_2009",0.880024109169699,919099.90363284,501212.767020364,4
"george.wheat","Kern_2010",0.930046086215018,1259034.94630628,378795.947390621,4
"george.wheat","Kern_2011",0.914561005177402,1032125.98114997,385688.02238681,4
"george.wheat","Kern_2012",0.909020840870635,618629.049856398,247661.431898645,4
"george.wheat","Kern_2013",0.913387111638681,679563.753696785,256296.82209229,3.97727272727273
"george.wheat","Kern_2014",0.947996186291436,917047.723522687,201224.349488153,4
"george.wheat","Kern_2015",0.836695413795127,700359.552831706,452801.583277553,3.3125
"george.wheat","Kern_2016",0.933246121435348,1738497.96839868,497409.974075822,4
"george.wheat","Kern_2017",0.930936904071318,1961789.52434431,562749.271628766,3.86666666666667
"george.wheat","Kern_2018",0.641476343797385,425250.458153841,847095.071338216,3.56410256410256
"george.wheat","Kings_2005",0.933702159278894,659056.227014644,187186.04998671,4
"george.wheat","Kings_2006",0.874137152708703,413524.136359966,238165.487256366,4
"george.wheat","Kings_2007",0.950093037452472,906788.311683179,190528.920961478,4
"george.wheat","Kings_2008",0.599340318142511,417943.961188431,1117584.04669314,4
"george.wheat","Kings_2009",0.868021117773295,456018.107356561,277342.377284305,4
"george.wheat","Kings_2010",0.962010507782675,1599746.58131082,252693.95628734,4
"george.wheat","Kings_2011",0.919597308382552,1537715.92328864,537785.389532619,4
"george.wheat","Kings_2012",0.682046089947327,365605.285401338,681746.478677159,4
"george.wheat","Kings_2014",0.705716150151726,330561.250544098,551376.569176502,4
"george.wheat","Kings_2015",0.811043860404778,346648.539086715,323047.237960514,4
"george.wheat","Kings_2017",0.71972821938095,465151.880017851,708444.407523533,3.91111111111111
"george.wheat","Kings_2018",0.904963948817886,724079.123614835,284663.234184862,3.74358974358974
"george.wheat","Tulare_2005",0.480248205057816,55241.7205992195,239142.869330932,4
"george.wheat","Tulare_2006",0.87923750661967,189818.860326578,104285.809879883,4
"george.wheat","Tulare_2007",0.075109627560763,3355.53996696468,165278.764417784,4
"george.wheat","Tulare_2009",0.295890893698866,8934.06569605737,85038.8727310897,4
"george.wheat","Tulare_2010",0.879780467193656,97356.2806640701,53213.8505622065,4
"george.wheat","Tulare_2011",0.747481748578028,309271.814042793,417919.382485283,4
"george.wheat","Tulare_2012",0.450782199409752,45206.5748998389,220312.653616027,4
"george.wheat","Tulare_2016",0.824819715736495,124065.634800586,105399.290327547,4
"george.wheat","Tulare_2017",0.854576678719332,283492.618356018,191895.722752421,3.97777777777778
"george.wheat","Yolo1_2005",0.906387173245464,835559.059929081,345190.434415565,4
"george.wheat","Yolo1_2006",0.980715720061164,1623057.94305775,127659.8430743,4
"george.wheat","Yolo1_2007",0.94531367559927,401709.55546952,92955.469204877,4
"george.wheat","Yolo1_2008",0.940543463530642,3093461.08330069,782213.640719502,4
"george.wheat","Yolo1_2009",0.971987851731829,2065538.92247292,238110.72307909,4
"george.wheat","Yolo1_2010",0.971536834943636,1033146.54994705,121072.592292445,4
"george.wheat","Yolo1_2011",0.874374403738964,939517.717518028,539940.203904899,4
"george.wheat","Yolo1_2012",0.797273302489397,184548.637167381,187704.445269686,4
"george.wheat","Yolo1_2013",0.855300807108693,308816.328497317,208981.322658987,4
"george.wheat","Yolo1_2014",0.845868610155334,711724.852592267,518752.626117151,4
"george.wheat","Yolo1_2015",0.949863511849352,826427.540353033,174484.750987468,4
"george.wheat","Yolo1_2016",0.817391499143605,971938.395790503,857682.816111746,3.95
"george.wheat","Yolo1_2017",0.873087642667681,672221.686018364,390857.616822182,4
"george.wheat","Yolo1_2018",0.829199381186584,506835.965161521,385474.612446692,3.69230769230769
"george.wheat","Yolo2_2011",0.860667615949271,967579.852000934,313280.539526395,2
"george.wheat","Yolo2_2012",0.890681308169466,523530.221341112,257024.093380304,4
"george.wheat","Yolo2_2013",0.577912866546294,110467.506423649,231042.656568755,2.86363636363636
"george.wheat","Yolo2_2014",0.920516536724825,823685.490388186,284489.730770082,4
"george.wheat","Yolo2_2015",0.124515887245027,77643.0342082195,2183664.89351268,4
"george.wheat","Yolo2_2016",0.738552080125628,432953.384838666,609231.482160743,3.975
"kang.peanut","E01",0.56227837246916,0.0238375127303781,0.0742279652180683,4
"kang.peanut","E02",0.947587399483602,0.582206174831699,0.128811082444801,4
"kang.peanut","E03",0,0,0.121948842638889,4
"kang.peanut","E04",0.780542676786536,0.080799328052974,0.0908701331999128,4
"kang.peanut","E05",0.733611116397323,0.0985556608223357,0.143150134300675,4
"kang.peanut","E06",0.785216234186771,0.0689497408832227,0.0754405441659396,4
"kang.peanut","E07",0.457541277427909,0.0266409819668189,0.126341676773097,4
"kang.peanut","E08",0.93222818677654,0.262145927109939,0.0762307128722089,4
"kang.peanut","E09",0.223085796294139,0.0377712983400372,0.52616632094488,4
"kang.peanut","E10",0.71740347736081,0.132134956356945,0.208200157171937,4
"kang.peanut","E11",0.464656212296315,0.0321674074249712,0.148243981470843,4
"kang.peanut","E12",0.934691720704286,0.342113002957917,0.0956157460388587,4
"kang.peanut","E13",0.796271460586689,0.152097777818369,0.116744074062817,3
"kang.peanut","E14",0.533335360851334,0.0585264819847423,0.204841018247533,4
"kang.peanut","E15",0.691560303781855,0.188539167491223,0.336358019557806,4
"lee.potatoblight","1983",0.955832149411054,3.1894317798545,7.36898975427064,50
"lee.potatoblight","1985",0.91321901506357,1.99891410584149,6.64831833507764,35
"lee.potatoblight","1987",0.930310836905052,2.21695613654188,6.6428471708572,40
"lee.potatoblight","1991",0.920159686458368,1.04575303164948,2.7169484731387,29.9428571428571
"lee.potatoblight","1993",0.919455164169628,1.13553299045151,2.47440047244162,24.875
"lee.potatoblight","1995",0.944577414374441,2.04550258928581,2.99646923117565,24.9666666666667
"lee.potatoblight","1997",0.819255559710076,1.38764439598732,6.79636524741701,22.2
"lee.potatoblight","1999",0.722170359498898,1.01542380387631,7.81297173655734,20
"lee.potatoblight","2001",0.748104236263326,0.967044660043619,6.51231316175614,20
"lee.potatoblight","2003",0.741985351860195,0.965541786435289,6.7150631388292,20
"lee.potatoblight","2005",0.698733815074222,0.6452794699755,5.54891941658602,19.9444444444444
"linder.wheat","Grunenmatt",0.484301889356244,105.719907393558,450.293981489608,4
"linder.wheat","Haag",0.603652245898733,367.527827685105,965.249976703614,4
"linder.wheat","Hallau",0.94155592709048,1281.8842597871,318.275462922616,4
"linder.wheat","Kalchrain",0.705743996868296,885.576389396619,1476.94444426303,4
"linder.wheat","Realta",0.546612537947553,1104.29397825777,3663.82407576701,4
"linder.wheat","Reckenholz",0.0773092149938384,42.6736130522721,2037.24999817361,4
"linder.wheat","Wallierhof",0.681470480458576,407.854167566353,762.548610765685,4
"lu.stability","E1",0.832649388596857,158787.039451612,127655.690373602,4
"lu.stability","E2",0.486202684077237,22763.6660189974,96222.5087121494,4
"lu.stability","E3",0.947488963142552,428388.701493465,94967.3748972343,4
"lu.stability","E4",0.716907488424013,165317.200059919,261121.899979333,4
"lu.stability","E5",0.417355586930218,65426.5953726855,365352.150097812,4
"lu.stability","E6",0.479148407197092,30059.0060465582,130700.893019828,4
"omer.sorghum","E1",0.945482790236892,4641.86903462681,1070.61387247555,4
"omer.sorghum","E2",0.771271504319982,16206.52115882,19224.8420127052,4
"omer.sorghum","E3",0.824191546731484,30035.3251758834,25627.3633648869,4
"omer.sorghum","E4",0.583054454308889,23404.1429044038,66945.7410888054,4
"omer.sorghum","E5",0.981799385214321,5910.71284064224,438.291606784061,4
"omer.sorghum","E6",0.863657173694602,54872.2289520122,34650.0209058173,4
"onofri.winterwheat","1996",0.70266059930483,0.127438095551113,0.161780952259413,3
"onofri.winterwheat","1997",0.854742256004831,0.395897617381043,0.201840476529013,3
"onofri.winterwheat","1998",0.766778265366627,0.0788880954813,0.0719833332571376,3
"onofri.winterwheat","1999",0.847107177815218,0.186842261908423,0.101168452380172,3
"onofri.winterwheat","2000",0.88942707092321,0.338400000137612,0.1262089285498,3
"onofri.winterwheat","2001",0.637277026447797,0.16108630942422,0.275059523855391,3
"onofri.winterwheat","2002",0.871219179417465,0.233591666737362,0.103586309510979,3
"shafii.rapeseed","GGA_87",0.505174000102176,20129.3192829644,78867.9586791149,4
"shafii.rapeseed","GGA_89",0.832211429833047,64288.1495234926,51846.5202497403,4
"shafii.rapeseed","ID_87",0.752020380553503,20035.1168775343,26426.4149607238,4
"shafii.rapeseed","ID_88",0.810000092716028,405943.267887627,380884.812013186,4
"shafii.rapeseed","ID_89",0.666081427928525,280498.867556653,562476.462455783,4
"shafii.rapeseed","KS_88",0.455692375573723,8013.82227711856,38288.8527440555,4
"shafii.rapeseed","MS_88",0.452452273806657,100272.522109221,485390.346421711,4
"shafii.rapeseed","MT_87",0.843964298314812,137926.044350975,102001.41003092,4
"shafii.rapeseed","NC_87",0.39032579016984,38055.6673664018,237766.086848372,4
"shafii.rapeseed","NC_89",0.387290555414879,39325.4196143508,248857.666918051,4
"shafii.rapeseed","NY_89",0.907364673338259,116156.997173926,47435.1347079271,4
"shafii.rapeseed","OR_87",0.538714193085125,293261.327241319,1004445.69465474,4
"shafii.rapeseed","OR_88",0.758342406640172,196096.593893107,249956.908812317,4
"shafii.rapeseed","SC_87",0.758871780737078,106819.864709564,135766.196151375,4
"shafii.rapeseed","SC_88",0.781320203232524,74398.4789961733,83292.0700085913,4
"shafii.rapeseed","SC_89",0.957296763900126,713627.74933176,127334.450157255,4
"shafii.rapeseed","TGA_87",0.805265333130256,128826.794403893,124615.039838459,4
"shafii.rapeseed","TGA_88",0.893906914755123,119023.998962799,56505.3164248343,4
"shafii.rapeseed","TGA_89",0.98995009703408,483865.61171222,19648.6770831075,4
"shafii.rapeseed","TN_89",0.341001216635971,45239.1423811147,349705.963910533,4
"shafii.rapeseed","TX_87",0.823813673308128,44565.0357909452,38123.9117984956,4
"shafii.rapeseed","TX_88",0.737098298773725,44466.7248580407,63439.9923732739,4
"shafii.rapeseed","VA_88",2.75622501794832e-14,1.10295300180271e-09,160067.192572499,4
"shafii.rapeseed","VA_89",0.058492896014649,1457.45488643109,93837.3185673271,4
"shafii.rapeseed","WA_87",0,0,359942.575,4
"shafii.rapeseed","WA_88",0.763768654925073,671488.238594401,830757.160730616,4
"shafii.rapeseed","WA_89",0.86780079273506,621689.016936526,378827.933287774,4
"shaw.oats","Karnal_1932",0.696757601280596,15.8384615421943,34.4660256397104,5
"shaw.oats","Karnal_1933",0.957778519884002,83.4568881396432,18.395032202005,5
"shaw.oats","Karnal_1934",0.867083402072193,16.8942307930867,12.9487179448819,5
"shaw.oats","Pusa_1932",0.88549884077101,31.8758012917488,20.6088141012148,5
"shaw.oats","Pusa_1933",0.94415962201677,96.8503192677459,28.6400641882744,5
"shaw.oats","Pusa_1934",0.961242484092106,72.0641024776287,14.5282051323543,5
"tesfaye.millet","Assosa_2018",0.92643227509262,71262.4721512974,12323.8980012721,2.17777777777778
"tesfaye.millet","Assosa_2019",0.599864208888372,213646.771167774,427535.358167553,3
"tesfaye.millet","Assosa_2020",0.803045374434779,122217.043976052,89924.7274200435,3
"tesfaye.millet","Assosa_2021",0.584144773059741,17830.4317604775,38080.6878097555,3
"tesfaye.millet","Bako_2018",0.127633014329826,11482.9186045574,170923.604845684,2.17777777777778
"tesfaye.millet","Bako_2020",0.770520771796237,351272.952715477,313852.068738214,3
"tesfaye.millet","Bako_2021",0.244124514748745,2805.7516831478,26062.0968423833,3
"vargas.wheat1.traits","1990",0.965411433286334,1231875.43379228,132406.15603528,3
"vargas.wheat1.traits","1991",0.96826401022161,1204836.11044816,118469.754371228,3
"vargas.wheat1.traits","1992",0.987321965477302,1461734.3346367,56309.6507690208,3
"vargas.wheat1.traits","1993",0.980765366474775,3206409.37961966,188650.960128743,3
"vargas.wheat1.traits","1994",0.948837060512497,1122566.83670105,181592.250746797,3
"vargas.wheat1.traits","1995",0.975189535802618,2499024.89167341,190738.206246848,3
"verbyla.lupin","Badgingerra_S01_91",0.55854377801802,0.00509025678255198,0.0482782324304265,12
"verbyla.lupin","Corrigin_S02_91",0,0,0.237443842424484,11.75
"verbyla.lupin","Corrigin_S06_92",0.645594569390502,0.00523402098906819,0.0517188029565057,18
"verbyla.lupin","EastChapman_S07_92",0.712874094677645,0.00651744408753321,0.0463758063046422,17.6666666666667
"verbyla.lupin","MtBarker_S03_91",0.561026977852111,0.0315569445107799,0.197532708386824,8
"verbyla.lupin","MtBarker_S08_92",0.958201330552804,0.0875943306663211,0.0670804957723947,17.5555555555556
"verbyla.lupin","Mullewa_S09_92",0.910252908880129,0.0301309781625824,0.0531440811944134,17.8888888888889
"verbyla.lupin","Newdegate_S04_91",0.892440126065163,0.0508419633871883,0.0719998142177707,11.75
"verbyla.lupin","SouthCarrabin_S10_92",0.933890162271419,0.0149083524504459,0.0188791878887997,17.8888888888889
"verbyla.lupin","WonganHills_S05_91",0.604127412770554,0.0099208034942103,0.0755730057760553,11.625
"verbyla.lupin","WonganHills_S11_92",0.144415758784137,0.000972966461808851,0.0960715528281907,16.6666666666667
