"nursery","env","country","sigma2_g","sigma2_e","r","H2","mean","cv"
"26TH ESWYT","26TH ESWYT 1","POLAND",0.698829048489319,0.0877528863433997,2,0.940923497046491,6.55785204081633,4.51719762574905
"26TH ESWYT","26TH ESWYT 2","SOUTH AFRICA",0.0285129655870405,0.0817549183641298,2,0.410906341644637,4.01809795918367,7.11600794312523
"26TH ESWYT","26TH ESWYT 6","ZAMBIA",0.928917461472732,2.43852497708012,2,0.432420692441152,7.14244295918367,21.8633558489387
"26TH ESWYT","26TH ESWYT 13","PAKISTAN",0.116751070994059,0.215419125216657,2,0.520140521392598,3.47397346938776,13.3602822002312
"26TH ESWYT","26TH ESWYT 14","PAKISTAN",0.237277711276036,0.106296626078307,2,0.816998792844152,3.79450040816327,8.59221500815322
"26TH ESWYT","26TH ESWYT 15","PAKISTAN",0.288275863884784,0.747458752806997,2,0.43545858301552,3.39044275510204,25.4998249945919
"26TH ESWYT","26TH ESWYT 16","PAKISTAN",0.0077770504488262,0.517669182045214,2,0.0291699582430256,3.78551020408163,19.0064818148459
"26TH ESWYT","26TH ESWYT 17","PORTUGAL",0.272110596932334,1.01555298549389,2,0.34891024679513,6.76537153061224,14.8956562716983
"26TH ESWYT","26TH ESWYT 24","TURKEY",0.00983682551517958,0.938288847845842,2,0.0205369741022625,4.06170357142857,23.84844420912
"26TH ESWYT","26TH ESWYT 25","ARGENTINA",0.171972871903976,0.157727228220851,2,0.685597516679062,4.57257387755102,8.68545560471827
"26TH ESWYT","26TH ESWYT 26","ARGENTINA",0.460959099210882,0.0524990220504175,2,0.946122645467023,5.08112244897959,4.50937077343848
"26TH ESWYT","26TH ESWYT 27","NEW CALEDONIA",0.206175741027402,0.537816914632922,2,0.4339772649693,3.38311551020408,21.6770611247336
"26TH ESWYT","26TH ESWYT 29","INDIA",0.0417628567247185,0.0464119433413419,2,0.642813757861797,2.42767020408163,8.87411778274333
"26TH ESWYT","26TH ESWYT 30","INDIA",0.348955780839824,0.346433744369929,2,0.668276629996666,3.37471204081633,17.4410799491864
"26TH ESWYT","26TH ESWYT 31","INDIA",0.0745944095941295,0.474415841962491,2,0.239236215638539,3.62975806122449,18.9758794616102
"26TH ESWYT","26TH ESWYT 32","INDIA",0.0609723068375071,0.00600124179255966,2,0.953095457679123,2.12676183673469,3.64251797770128
"26TH ESWYT","26TH ESWYT 33","INDIA",0.288263126337226,1.09250877467636,2,0.345424897157219,4.40838346938776,23.7100844961662
"26TH ESWYT","26TH ESWYT 34","INDIA",0.176378141790024,0.194908620687868,2,0.644109711670479,4.33801908163265,10.1771005656674
"26TH ESWYT","26TH ESWYT 35","INDIA",0.146651539185742,0.0629565578502873,2,0.823284617595307,2.36618867346939,10.6040341168209
"26TH ESWYT","26TH ESWYT 37","SYRIA",0.0131505613073261,0.079407185133761,2,0.248808472814163,1.72697959183673,16.3170894814551
"26TH ESWYT","26TH ESWYT 40","SYRIA",0.0614161901809039,0.0591756839787636,2,0.674873285460392,2.36281632653061,10.2953633861632
"26TH ESWYT","26TH ESWYT 46","EGYPT",0,0.548319791456633,2,0,5.60308908163265,13.2156775499464
"26TH ESWYT","26TH ESWYT 47","EGYPT",0.0191524862493135,0.156269263292561,2,0.196865593961448,2.72816326530612,14.489934607254
"26TH ESWYT","26TH ESWYT 48","EGYPT",0.241807230810015,0.303166140924691,2,0.614675120428558,9.75513142857143,5.6442627520272
"26TH ESWYT","26TH ESWYT 53","NEPAL",0.106757326760777,0.03369310206359,2,0.863705319504083,1.56597005102041,11.721604043371
"26TH ESWYT","26TH ESWYT 56","MEXICO",0.526661444353039,0.0689105666615282,2,0.938595159205127,3.97424489795918,6.60523517859879
"26TH ESWYT","26TH ESWYT 62","MEXICO",0,0.48335332143725,2,0,7.48377551020408,9.28991204239998
"26TH ESWYT","26TH ESWYT 64","INDIA",0.193075307804446,0.0504011727929122,2,0.884547093536305,3.5468306122449,6.32965257584054
"26TH ESWYT","26TH ESWYT 69","EGYPT",0.120636897331223,1.34053298968964,2,0.152530509446052,9.03041530612245,12.8212695056037
"26TH ESWYT","26TH ESWYT 70","INDIA",0.198816277444444,0.0580675042616178,2,0.872575166284015,4.12486489795918,5.84193676343962
"26TH ESWYT","26TH ESWYT 78","ZAMBIA",0.0266999853785824,0.132404657674535,2,0.28739849597877,2.06387755102041,17.6306248382156
"26TH ESWYT","26TH ESWYT 83","PAKISTAN",0.0105534032054646,0.0997286745236066,2,0.174673914049832,1.99660346938776,15.8167846654667
"26TH ESWYT","26TH ESWYT 84","PAKISTAN",0,0.109221153894427,2,0,1.09295959183673,30.2377362396505
"26TH ESWYT","26TH ESWYT 86","PAKISTAN",0.146366973879997,0.0120378722256868,2,0.960502016799807,3.4795306122449,3.15321949488947
"26TH ESWYT","26TH ESWYT 88","PAKISTAN",0.287309121232906,0.238335915617726,2,0.706827361361211,3.4725306122449,14.0588132911671
"26TH ESWYT","26TH ESWYT 96","SPAIN",0.324922489616943,0.417940622258644,2,0.608591254953753,3.50869387755102,18.4251831465953
"26TH ESWYT","26TH ESWYT 97","SPAIN",0.400434197932155,0.270685599029028,2,0.747389678617201,6.10334,8.5244233809138
"26TH ESWYT","26TH ESWYT 100","EGYPT",0.265201596664546,0.650211254720269,2,0.449260293405215,5.81190642857143,13.8742216295524
"26TH ESWYT","26TH ESWYT 101","EGYPT",0.617997215567946,0.313809031017557,2,0.7975168860563,10.307108877551,5.43495378191895
"26TH ESWYT","26TH ESWYT 102","EGYPT",0.929982047186714,0.591496415000681,2,0.758716727135165,5.53724489795918,13.8893629466873
"26TH ESWYT","26TH ESWYT 117","SPAIN",0.846776426909645,0.438472959214359,1.97959183673469,0.792659148310227,6.73381567010309,9.8335466811092
"26TH ESWYT","26TH ESWYT 122","AFGHANISTAN",0.0606823890059176,0.200807921439236,2,0.376707207713815,4.38932653061224,10.2092192415878
"26TH ESWYT","26TH ESWYT 123","AFGHANISTAN",0.138016320902755,0.293410744471881,2,0.484741149791925,4.22674489795918,12.8153941996775
"26TH ESWYT","26TH ESWYT 124","AFGHANISTAN",0.549432847665541,0.269468102262589,2,0.803068445187519,4.05579081632653,12.7990617520574
"26TH ESWYT","26TH ESWYT 125","AFGHANISTAN",0.0711434595505622,0.133229810985643,2,0.516436584654277,4.2770612244898,8.53405109662269
"26TH ESWYT","26TH ESWYT 126","AFGHANISTAN",0.140954954488915,0.272929673384883,2,0.508092641439446,1.64026428571429,31.85015490206
"26TH ESWYT","26TH ESWYT 129","INDIA",0.194122006923513,0.0928623157350783,2,0.806981721035057,3.07498530612245,9.91006972209299
"27TH ESWYT","27TH ESWYT 4","SUDAN",0.067354238205617,0.143341819390341,2,0.484475213460538,3.0280612244898,12.5032180270004
"27TH ESWYT","27TH ESWYT 6","MEXICO",0.369425288855954,0.0958577944953068,2,0.885160137735494,4.31068367346939,7.18236648652572
"27TH ESWYT","27TH ESWYT 7","PAKISTAN",0.903473306115878,0.467224397985138,2,0.794551774740732,4.02172887755102,16.9961269768562
"27TH ESWYT","27TH ESWYT 8","PAKISTAN",0.0759491455630444,0.359705477535798,2,0.296906122336399,3.6025306122449,16.6481448444962
"27TH ESWYT","27TH ESWYT 9","PAKISTAN",0.0410252206395519,0.478135370585257,2,0.146470045369466,4.43428571428571,15.5937929532742
"27TH ESWYT","27TH ESWYT 13","TURKEY",0.0101336165102518,0.0228006629813506,2,0.470587953022618,1.91329591836735,7.89208206584865
"27TH ESWYT","27TH ESWYT 15","CANADA",0.0537444883601584,0.0108461542885935,2,0.908343750531895,2.78337653061224,3.74167384444973
"27TH ESWYT","27TH ESWYT 19","ARGENTINA",0.188797577782903,0.0762185362235862,1.85714285714286,0.821436439165033,5.33076923076923,5.17893451527242
"27TH ESWYT","27TH ESWYT 21","BRAZIL",0.0103753476326846,0.170907287332519,2,0.108269402526821,3.29462989795918,12.5479753043783
"27TH ESWYT","27TH ESWYT 22","CHILE",0.544278565672271,0.418384602902975,2,0.722361791836701,8.10583704081633,7.97976273116897
"27TH ESWYT","27TH ESWYT 24","INDIA",0.809657735538864,0.117325629027564,2,0.932441061644545,3.7405437755102,9.15717900764741
"27TH ESWYT","27TH ESWYT 25","INDIA",0.312235379511911,0.0222812085417978,2,0.965549067248045,3.06229591836735,4.87441179734444
"27TH ESWYT","27TH ESWYT 26","INDIA",0.233420531498206,0.289626276286639,2,0.617133138145615,4.11971479591837,13.0632677685586
"27TH ESWYT","27TH ESWYT 27","INDIA",0.0596738961172393,0.31158242128111,2,0.276953874412339,3.86555306122449,14.4402540811349
"27TH ESWYT","27TH ESWYT 30","INDIA",2.48034225708544e-16,0.273093421150185,2,1.81647895188321e-15,2.65038316326531,19.7172777866209
"27TH ESWYT","27TH ESWYT 31","INDIA",0.0464241627452766,0.0637411341300706,2,0.592941093963163,4.06627989795918,6.20887081424577
"27TH ESWYT","27TH ESWYT 32","INDIA",0.149973962118104,0.086540172774003,2,0.776085800718161,3.50042326530612,8.40404399518555
"27TH ESWYT","27TH ESWYT 33","INDIA",0.814311147814512,0.0647128339719841,2,0.96178380000465,4.2556306122449,5.97766104585682
"27TH ESWYT","27TH ESWYT 37","EGYPT",0.121478021945436,0.925572598973016,2,0.207916207595411,11.0861234693878,8.67811764606271
"27TH ESWYT","27TH ESWYT 38","EGYPT",0.172662289016414,0.265792239533004,2,0.565071305692923,8.62635571428572,5.97645681359136
"27TH ESWYT","27TH ESWYT 39","EGYPT",0.176668560082933,1.43083119252572,2,0.198040239618887,8.71142071428571,13.7310962483462
"27TH ESWYT","27TH ESWYT 40","EGYPT",0.326626213706318,0.434696004055509,2,0.600444293605991,6.60235234693878,9.98605897201132
"27TH ESWYT","27TH ESWYT 45","MEXICO",0.0110531288939611,0.191068093209328,2,0.103700363972059,7.90775510204082,5.5276542914316
"27TH ESWYT","27TH ESWYT 46","MEXICO",0.257650164347316,0.408603271738895,2,0.557742526874921,7.53214285714286,8.48657339445545
"27TH ESWYT","27TH ESWYT 48","INDIA",0.106226078519603,0.23343768683541,2,0.476467809163527,4.43849591836735,10.8855320470757
"27TH ESWYT","27TH ESWYT 50","IRAN",0.224053609268012,0.570200376772713,2,0.440050943939158,4.92647724489796,15.3277097830536
"27TH ESWYT","27TH ESWYT 51","IRAN",0.220088774619578,1.41885333923734,1.97959183673469,0.234929476068356,7.80906010309278,15.253516911382
"27TH ESWYT","27TH ESWYT 52","IRAN",0,0.138901596043454,2,0,5.50331346938775,6.77219363152765
"27TH ESWYT","27TH ESWYT 53","IRAN",0.294450815054775,0.340796401206252,2,0.633433233451164,5.12347306122449,11.3941791334283
"27TH ESWYT","27TH ESWYT 54","IRAN",0.139178048402104,0.293788206342107,2,0.486513796036213,7.34282530612245,7.38165906877788
"27TH ESWYT","27TH ESWYT 55","IRAN",0.549336736027529,0.41407682116436,2,0.72627549766781,6.7392106122449,9.54841818568268
"27TH ESWYT","27TH ESWYT 62","AFGHANISTAN",0.511268342450265,0.595992553436466,2,0.631769053459401,4.55186734693878,16.9601941561362
"27TH ESWYT","27TH ESWYT 63","AFGHANISTAN",0.0279192258199985,0.0950118135394398,2,0.370158127157264,4.68628571428571,6.57748764025701
"27TH ESWYT","27TH ESWYT 64","AFGHANISTAN",0.274484023692088,0.289864766267178,2,0.65444274288052,5.5704693877551,9.66509044797419
"27TH ESWYT","27TH ESWYT 65","AFGHANISTAN",0.18501821575963,1.24558380526157,2,0.22903676439246,4.72356536458333,23.6274333646571
"27TH ESWYT","27TH ESWYT 73","INDIA",0.0357689814231901,0.195383398989703,2,0.268011381158439,5.32497183673469,8.30092548028968
"27TH ESWYT","27TH ESWYT 83","PAKISTAN",0.175335614579643,0.0840065877890084,2,0.806738267945702,4.58764551020408,6.31781376900333
"27TH ESWYT","27TH ESWYT 84","PAKISTAN",0.0398236785384896,0.181310982385138,2,0.30521100510199,3.27929081632653,12.9847060585222
"27TH ESWYT","27TH ESWYT 85","PAKISTAN",0.0890710900103702,0.0234559864207564,2,0.883649802799356,3.27164285714286,4.6812405909802
"27TH ESWYT","27TH ESWYT 86","PAKISTAN",0.020334014564274,0.0388722037526424,1.91836734693878,0.500872530000433,0.706848723404255,27.8928636111579
"27TH ESWYT","27TH ESWYT 89","SPAIN",0.563258002763826,0.347003250987631,2,0.764507148818498,7.28070724489796,8.0908323685848
"27TH ESWYT","27TH ESWYT 91","SAUDI ARABIA",0.0346443270902079,0.439494164999274,2,0.136185129623932,2.14008267346939,30.9774743361154
"27TH ESWYT","27TH ESWYT 93","BOLIVIA",0,0.0688607291041685,2,0,1.22359269387755,21.4461299515781
"27TH ESWYT","27TH ESWYT 96","TURKEY",0.254851762860751,0.437170371544889,2,0.538301380144713,3.46631425510204,19.0746873036713
"27TH ESWYT","27TH ESWYT 97","EGYPT",0.576463257077958,3.14481607866484,2,0.268263277582479,7.46301020408163,23.7620327549768
"27TH ESWYT","27TH ESWYT 98","EGYPT",0.441648138374094,0.472007056325666,2,0.65173327268727,11.3219708163265,6.06809280873921
"27TH ESWYT","27TH ESWYT 101","NEPAL",0.149849950991873,0.136788932509885,2,0.686615276955313,3.40812989795918,10.8519889034706
"27TH ESWYT","27TH ESWYT 102","INDIA",0.146438304958238,0.0363430816873689,2,0.889608420716519,2.83536418367347,6.72360243924873
"27TH ESWYT","27TH ESWYT 103","INDIA",0.347396405800914,0.386023344519182,2,0.64284088248218,5.4645962244898,11.3696921792401
"27TH ESWYT","27TH ESWYT 104","ZAMBIA",0.283414265130832,0.304423881084139,2,0.650590486614663,7.0439093877551,7.83295440619412
"27TH ESWYT","27TH ESWYT 113","INDIA",0.0899353823586501,0.224590214420334,2,0.444717226123541,4.21820714285714,11.2348560464898
"27TH ESWYT","27TH ESWYT 116","INDIA",0.00595881478756453,0.386413274701073,2,0.0299189177821498,6.23529489795918,9.96939997964175
"27TH ESWYT","27TH ESWYT 117","AFGHANISTAN",0.23559871959903,0.527081088308978,2,0.472009991414684,4.42722581632653,16.3986102009806
"27TH ESWYT","27TH ESWYT 118","AFGHANISTAN",0.0819512418951595,0.151000889563417,2,0.520485004796074,4.38691836734694,8.85788830851267
"27TH ESWYT","27TH ESWYT 122","PERU",0.225794677624081,0.366869389102456,2,0.55175579510298,2.0460993877551,29.6025424696307
"27TH ESWYT","27TH ESWYT 129","BANGLADESH",1.12319118903311,0.437108821512052,2,0.837111885598602,3.80256897959184,17.386720978478
"27TH ESWYT","27TH ESWYT 130","BANGLADESH",5.41968611428019e-05,0.340148961614533,2,0.000318563935754763,2.9869457244898,19.5257283801884
"27TH ESWYT","27TH ESWYT 133","MOZAMBIQUE",0.0693444270496003,0.307305610545858,1.79591836734694,0.288385044217989,2.03000383295455,27.307905213966
"29TH ESWYT","29TH ESWYT 3","SOUTH AFRICA",0.0453475895717747,0.0700677276410521,1.97959183673469,0.561631335496994,3.70988092783505,7.13508326875399
"29TH ESWYT","29TH ESWYT 10","MEXICO",0.0677859397422913,0.0418197498755124,2,0.764251841947848,5.45265306122449,3.75044542357445
"29TH ESWYT","29TH ESWYT 11","MEXICO",0.164792825142761,0.0568882973958739,2,0.852801727678752,6.77428571428571,3.52085352908643
"29TH ESWYT","29TH ESWYT 12","MEXICO",0.14084573866527,0.0597437536185587,2,0.825021707770206,2.94074489795918,8.31168164392568
"29TH ESWYT","29TH ESWYT 13","MEXICO",0.180807445678725,0.198113216520971,2,0.646054550892763,6.55452040816327,6.79071970079757
"29TH ESWYT","29TH ESWYT 15","ZIMBABWE",0.734592670872127,0.492590082776523,2,0.748905977402152,7.61438224489796,9.21739411279799
"29TH ESWYT","29TH ESWYT 16","PAKISTAN",0.208790628497084,0.275731912190939,2,0.60229817570749,2.60518367346939,20.1560380026104
"29TH ESWYT","29TH ESWYT 17","PAKISTAN",0.0560140748564218,0.0974731943715198,2,0.534737140720832,4.44101357142857,7.03008375430068
"29TH ESWYT","29TH ESWYT 19","CANADA",0.109364337560331,0.0299194572093614,1.97959183673469,0.878581617805625,3.08978298969072,5.59820602477713
"29TH ESWYT","29TH ESWYT 20","ARGENTINA",0.24062052562711,0.281142044082128,2,0.63123258398313,3.03755493877551,17.4557598131625
"29TH ESWYT","29TH ESWYT 22","ARGENTINA",0.0990639455856604,0.0617207482964679,2,0.762474229524997,3.65918367346939,6.78939977805423
"29TH ESWYT","29TH ESWYT 24","BRAZIL",0,0.12680360700305,1.97959183673469,0,3.67263701030928,9.69589262419814
"29TH ESWYT","29TH ESWYT 30","MEXICO",0.0390465451535138,0.166125128462744,2,0.319767668032364,5.89313806122449,6.91625582931813
"29TH ESWYT","29TH ESWYT 33","INDIA",0.0652432408530469,0.138218212194882,2,0.485612959757901,3.74277540816327,9.93319287440278
"29TH ESWYT","29TH ESWYT 39","MEXICO",0.00634886347089904,0.0265446435549835,2,0.323571863296064,1.77714285714286,9.16782065060054
"29TH ESWYT","29TH ESWYT 41","MAURITIUS",0.436877674382262,0.792244017077313,1.87755102040816,0.508687142423576,5.33130847826087,16.695355528995
"29TH ESWYT","29TH ESWYT 49","MYANMAR",0.000504409610075149,0.00886169702601357,2,0.102205314797225,0.181593716326531,51.8391214072165
"29TH ESWYT","29TH ESWYT 50","MEXICO",0.0401532866792696,0.039989522000884,2,0.667574231055443,1.49372491836735,13.3875923757845
"29TH ESWYT","29TH ESWYT 51","KENYA",0.249484504308061,0.517935145775244,2,0.490674569930106,1.71877275510204,41.8715685380428
"29TH ESWYT","29TH ESWYT 52","ZAMBIA",0.0603411565839198,1.51143545746339,1.89795918367347,0.070435322140243,6.49332032258065,18.9333723315953
"29TH ESWYT","29TH ESWYT 63","PAKISTAN",0.4252932801931,0.446795582452913,2,0.655617595078677,4.39741637755102,15.2004640195486
"29TH ESWYT","29TH ESWYT 64","PAKISTAN",0.162458125269466,0.0675707119389318,2,0.827839601314801,2.44670520408163,10.6242333677998
"29TH ESWYT","29TH ESWYT 65","PAKISTAN",0.499302314112981,0.172069079733675,2,0.853017046027647,4.72122448979592,8.78611264126325
"29TH ESWYT","29TH ESWYT 66","PAKISTAN",0.193072596149275,0.160598192441149,2,0.706264041004156,2.66289857142857,15.0492792800954
"29TH ESWYT","29TH ESWYT 68","INDIA",0.0721797383608373,0.177416817191274,2,0.448633039327405,3.51681571428571,11.9769925830213
"29TH ESWYT","29TH ESWYT 69","INDIA",0.0315765159861811,0.0476860575935224,2,0.569772200581122,1.41135826530612,15.4724268647225
"29TH ESWYT","29TH ESWYT 72","INDIA",0.379159359418165,0.0352137682995473,2,0.955624036986002,8.35664959183674,2.24555687521583
"29TH ESWYT","29TH ESWYT 73","INDIA",0.260462100310681,0.00476200855705959,2,0.990941347758576,1.88419448979592,3.66243019875077
"29TH ESWYT","29TH ESWYT 74","INDIA",0.245405543381712,0.124686691863776,2,0.797421377958706,4.55409857142857,7.75367556162773
"29TH ESWYT","29TH ESWYT 75","INDIA",0.0757162469107037,0.0771414857188978,2,0.662509766535805,4.2354893877551,6.55753174304861
"29TH ESWYT","29TH ESWYT 76","INDIA",0.211883473358803,0.0702881187766733,2,0.857732217143947,3.27837387755102,8.0869075702041
"29TH ESWYT","29TH ESWYT 77","INDIA",0.221057260955319,4.83458068216014e-08,2,0.999999890648691,4.94280448979592,0.0044484219362292
"29TH ESWYT","29TH ESWYT 81","NEPAL",0.0730936530966968,0.120733431948055,2,0.547680585672309,3.99197785714286,8.7041356228403
"29TH ESWYT","29TH ESWYT 82","INDIA",0.384565441751466,0.0348069122153876,2,0.956704470917072,3.59012867346939,5.19664122911514
"29TH ESWYT","29TH ESWYT 83","INDIA",0.650312072792365,0.0849822966555383,2,0.938667796233584,4.86826846938775,5.98810920164047
"29TH ESWYT","29TH ESWYT 87","INDIA",0,0.342704385142147,2,0,4.19240479591837,13.9635749886177
"29TH ESWYT","29TH ESWYT 88","BOLIVIA",0.13208415425394,0.853938785795292,2,0.236263869403776,5.919555,15.6107694472498
"29TH ESWYT","29TH ESWYT 89","GUATEMALA",1.63937868070214,3.46373387782195,1.57142857142857,0.426524667269966,10.4989890909091,17.7265726214362
"29TH ESWYT","29TH ESWYT 501","ALGERIA",0,0.871556437371636,2,0,6.54650673469388,14.2606111675287
"29TH ESWYT","29TH ESWYT 504","SUDAN",0.0739132116075246,0.0693734407305036,2,0.680600901536964,1.6892231122449,15.5922791909019
"29TH ESWYT","29TH ESWYT 507","SYRIA",0.127309255498025,0.590172118891809,2,0.301398360715541,6.2102693877551,12.3702621980769
"29TH ESWYT","29TH ESWYT 508","SYRIA",0.148559733972167,0.274641323022881,2,0.5196569485671,6.76262755102041,7.74938917555567
"29TH ESWYT","29TH ESWYT 509","SYRIA",0.115492822564375,0.191998754593718,2,0.546085494595797,4.4822,9.77592755528181
"29TH ESWYT","29TH ESWYT 516","EGYPT",0.442321080500661,0.463529332903183,2,0.656179250934365,11.4863912244898,5.92727404221359
"29TH ESWYT","29TH ESWYT 518","IRAN",0.366767128974497,0.26093253735277,2,0.737615636253001,10.0752860204082,5.06998570520462
"29TH ESWYT","29TH ESWYT 519","IRAN",0.327118287082184,0.340121049366441,2,0.657948969950344,7.33098520408163,7.95526062306103
"29TH ESWYT","29TH ESWYT 520","IRAN",0.0544467239612733,0.223430813255022,2,0.327672278685552,5.7785006122449,8.1800577458639
"29TH ESWYT","29TH ESWYT 521","IRAN",0.248641452217702,0.647787989857585,2,0.434281324338826,5.63598132653061,14.2806146549826
"29TH ESWYT","29TH ESWYT 522","IRAN",0.0983612988784843,0.478697663713343,2,0.291259544581512,7.53165428571429,9.18629265413222
"29TH ESWYT","29TH ESWYT 523","IRAN",0.620642527842554,1.02814991056999,2,0.546957755627345,6.24656602040816,16.2325551333188
"29TH ESWYT","29TH ESWYT 525","EGYPT",0.0983315585888003,1.51287114507556,2,0.115039003031387,11.8942992857143,10.340989752774
"29TH ESWYT","29TH ESWYT 529","IRAN",0.0826623305833529,0.217684739466108,2,0.431646484116458,3.90677846938775,11.9424988073483
"29TH ESWYT","29TH ESWYT 541","AFGHANISTAN",0.730612849390424,0.733614081697546,2,0.665755064117871,7.14285714285714,11.9911784246887
"29TH ESWYT","29TH ESWYT 542","AFGHANISTAN",0.0723169973419311,1.05160855539963,2,0.120906913630323,6.06283673469388,16.9141891124563
"29TH ESWYT","29TH ESWYT 543","AFGHANISTAN",0.166375908855438,0.307336167965359,2,0.519853246986557,5.20228571428571,10.6564520619448
"29TH ESWYT","29TH ESWYT 544","AFGHANISTAN",0.249036750929761,0.319775188329194,2,0.60900446235916,6.80302979591837,8.31227702479443
"29TH ESWYT","29TH ESWYT 545","AFGHANISTAN",0.322155786969433,0.468868203423657,2,0.578802801705081,6.93979617346939,9.86685340461774
"29TH ESWYT","29TH ESWYT 546","AFGHANISTAN",0.322978829243524,0.150078341813706,2,0.811467896229562,7.04538265306122,5.49862909286828
"29TH ESWYT","29TH ESWYT 547","AFGHANISTAN",0.144172169627329,0.28695008060921,1.97959183673469,0.498647658978084,3.11509278350515,17.1961881728337
"29TH ESWYT","29TH ESWYT 548","AFGHANISTAN",0.0933520607738834,0.727777133482324,2,0.204163967846037,5.4606193877551,15.6227432812895
"38TH ESWYT","38TH ESWYT 1","MEXICO",0.0142928629742938,0.26783611466196,2,0.0964359639954631,6.78109897959184,7.63193186678142
"38TH ESWYT","38TH ESWYT 2","MEXICO",1.27559029547896e-15,0.112507610316656,2,2.26756268645071e-14,5.19435918367347,6.45741908410253
"38TH ESWYT","38TH ESWYT 4","MEXICO",0.093308945158413,0.0401766673560169,2,0.822849949450847,2.66249693877551,7.52831595287406
"38TH ESWYT","38TH ESWYT 5","MEXICO",0.177518418145246,0.0481330574272216,2,0.88061346301586,2.9382806122449,7.46669574658443
"38TH ESWYT","38TH ESWYT 6","PAKISTAN",0.0408243167681237,0.417046041691792,2,0.163724694872492,3.97888510204082,16.2304515857337
"38TH ESWYT","38TH ESWYT 7","PAKISTAN",0.178503230760533,0.226002022565556,2,0.612352086231429,5.02079959183673,9.46854562722804
"38TH ESWYT","38TH ESWYT 8","PAKISTAN",0,1.10137079095928,2,0,7.55094469387755,13.8984218028139
"38TH ESWYT","38TH ESWYT 9","PAKISTAN",0.113136807532546,0.0471487044096024,2,0.827560879081907,3.77191010204082,5.75669934626657
"38TH ESWYT","38TH ESWYT 10","PAKISTAN",0.0149013443881925,0.0952270201000102,2,0.238364857794302,1.29112951020408,23.9006817820452
"38TH ESWYT","38TH ESWYT 12","INDIA",0.306229796023014,0.0923896515873205,2,0.868922819422957,6.60847714285714,4.59949628537598
"38TH ESWYT","38TH ESWYT 14","SPAIN",0.780825022451146,0.395627355710031,2,0.797868531263754,10.1142310204082,6.21885294709871
"38TH ESWYT","38TH ESWYT 19","TURKEY",0.211133678375194,0.335587442278729,2,0.557187679343526,6.69227581632653,8.65623461433916
"38TH ESWYT","38TH ESWYT 25","IRAN",0.268238068663434,0.361254526155177,2,0.597591414830399,6.57266285714286,9.14461219638418
"38TH ESWYT","38TH ESWYT 26","IRAN",0.0888829401168235,0.357587857134988,2,0.332053122683704,5.74820724489796,10.4030087467648
"38TH ESWYT","38TH ESWYT 27","IRAN",0.858718137886626,0.576817172356225,2,0.748581756376346,3.72706183673469,20.3775746274681
"38TH ESWYT","38TH ESWYT 30","TURKEY",0.178814586543026,0.187772722663271,2,0.6557167766986,5.67170479591837,7.64016316190308
"38TH ESWYT","38TH ESWYT 33","IRAN",0.359848576272448,0.00906939795507805,2,0.98755513964128,4.1679693877551,2.28488690551803
"38TH ESWYT","38TH ESWYT 35","IRAN",0.102931565054111,0.0549505825534725,2,0.789310991386601,2.33647153061224,10.0328809015282
"38TH ESWYT","38TH ESWYT 36","IRAN",0.0254921249905553,0.0217852478836843,2,0.700626656457612,0.663405887755102,22.2485612357007
"38TH ESWYT","38TH ESWYT 42","SOUTH AFRICA",0,0.70959194212516,2,0,4.11017153061225,20.4948333285389
"38TH ESWYT","38TH ESWYT 45","MOROCCO",1.29098799440551,0.333713372270387,2,0.88554563571662,9.86947959183673,5.85318905046441
"38TH ESWYT","38TH ESWYT 49","TURKEY",0.0597145060653598,1.17247403584409,2,0.0924442529320884,7.30759081632653,14.8175839261083
"38TH ESWYT","38TH ESWYT 51","EGYPT",0,1.18014972339528,1.95918367346939,0,6.0354803125,17.9993456438398
"38TH ESWYT","38TH ESWYT 54","SUDAN",0.218416097356973,0.189085613256593,1.97959183673469,0.695739853178204,3.18621371134021,13.6475389045494
"38TH ESWYT","38TH ESWYT 57","EGYPT",0.239103505923072,0.321545262080843,2,0.59794392268249,9.43783979591837,6.00825637984092
"38TH ESWYT","38TH ESWYT 58","EGYPT",1.90762169303273,1.66821597255318,2,0.695773076182072,8.94538530612245,14.4386665162269
"38TH ESWYT","38TH ESWYT 59","EGYPT",0.121182841864197,1.37858395730309,2,0.149520797928161,8.87894112244898,13.2237744767784
"38TH ESWYT","38TH ESWYT 60","EGYPT",0.403825050870468,0.0714919380483939,2,0.918679877866464,8.24702459183673,3.24213612734149
"38TH ESWYT","38TH ESWYT 62","LIBYA",0,0.31120786774289,1.93877551020408,0,2.12844210526316,26.2097840303684
"38TH ESWYT","38TH ESWYT 63","TURKEY",0.0583547307061698,0.338949895294047,2,0.25613313914136,2.7521493877551,21.1541582141972
"38TH ESWYT","38TH ESWYT 64","CANADA",0.139903781534391,0.0318635234455477,2,0.897765545717111,2.5256223877551,7.06770607926806
"38TH ESWYT","38TH ESWYT 65","MOROCCO",1.03020422114607,0.448340033759479,2,0.821289364781161,7.01351214285714,9.54702823216751
"38TH ESWYT","38TH ESWYT 66","INDIA",0.0911183414927008,0.159115626643172,2,0.533866852061712,7.51009489795918,5.31142424851721
"38TH ESWYT","38TH ESWYT 67","INDIA",0.0312654249313605,0.343592225524398,2,0.153970196850095,8.63564285714286,6.78776801805381
"38TH ESWYT","38TH ESWYT 68","INDIA",0.0316396458514033,0.183973007922746,1.97959183673469,0.253981793400378,4.88524742268041,8.7799186146231
"38TH ESWYT","38TH ESWYT 74","SERBIA",0.47880496127044,0.186738322129078,2,0.836816875458278,7.49310714285714,5.76706416687814
"38TH ESWYT","38TH ESWYT 75","TURKEY",0.0263574971480909,0.171764097923594,2,0.234832535069998,3.19359653061224,12.9773539112452
"38TH ESWYT","38TH ESWYT 81","INDIA",2.01126423327582,0.176698816112051,2,0.957921111619382,4.3236343877551,9.72227402331514
"38TH ESWYT","38TH ESWYT 82","INDIA",0.206383556231698,0.28245105755655,2,0.593723136510591,6.06083673469388,8.76877683278114
"38TH ESWYT","38TH ESWYT 83","INDIA",0,0.303642139485672,2,0,5.76652051020408,9.55580283495109
"38TH ESWYT","38TH ESWYT 84","INDIA",0.0761306878695273,0.217162394069797,2,0.412159119641484,5.99271918367347,7.77621721052768
"38TH ESWYT","38TH ESWYT 86","INDIA",0.076229913998499,0.162864642994279,2,0.483501415280946,4.99314928571429,8.08237236362127
"38TH ESWYT","38TH ESWYT 88","INDIA",0.408479420728361,0.360194040740046,2,0.694012522767763,8.19332153061224,7.32501070037327
"38TH ESWYT","38TH ESWYT 89","INDIA",0.182635442331003,0.681306178161539,2,0.349014800378433,5.35586734693878,15.4113737055149
"38TH ESWYT","38TH ESWYT 101","PAKISTAN",0,0.102330359987213,2,0,1.93033848979592,16.571765556376
"38TH ESWYT","38TH ESWYT 102","PAKISTAN",2.61653964867472,0.129949895953439,2,0.975769310352494,5.21433448979592,6.91335854545886
"38TH ESWYT","38TH ESWYT 103","PAKISTAN",0.00806544059810301,0.163697752466133,2,0.0897014055419822,4.24942071428571,9.52119868072787
"38TH ESWYT","38TH ESWYT 105","PAKISTAN",1.08671659242733,0.0202724376695823,2,0.990758815831335,3.58839969387755,3.96782195301645
"38TH ESWYT","38TH ESWYT 107","PAKISTAN",0.375697397814395,0.0234133541302763,2,0.969781739986141,3.60679928571429,4.24238268894973
"38TH ESWYT","38TH ESWYT 109","PAKISTAN",0.0320817103855245,0.324685218149054,2,0.165008731801766,1.63124186734694,34.9311512367424
"38TH ESWYT","38TH ESWYT 110","PAKISTAN",0.721631361272865,0.00692060049729403,2,0.995227775421681,2.71276571428571,3.06661744498467
"38TH ESWYT","38TH ESWYT 111","PAKISTAN",0.0570960049069034,0.219378583797638,1.97959183673469,0.340026954307578,3.81976721649485,12.2619690964672
"38TH ESWYT","38TH ESWYT 113","PAKISTAN",1.16754513080424,2.01489732946973,2,0.536803890291027,8.13605214285714,17.4466776653035
"38TH ESWYT","38TH ESWYT 114","PAKISTAN",0.00806544059810301,0.163697752466133,2,0.0897014055419822,4.24942071428571,9.52119868072787
"38TH ESWYT","38TH ESWYT 115","PAKISTAN",0.0634976330271849,0.199379405052468,2,0.389108828891928,1.1269387755102,39.6223131083291
"38TH ESWYT","38TH ESWYT 116","PAKISTAN",0.213431713465293,0.253446071367,2,0.627454751107802,4.41921132653061,11.3919484702031
"38TH ESWYT","38TH ESWYT 119","PAKISTAN",8.68112890308727e-16,0.409989915201842,2,4.23480118959191e-15,5.50895979591837,11.6229664494
"38TH ESWYT","38TH ESWYT 120","TURKEY",0,0.761463727877889,2,0,7.66475867346939,11.3848188517347
"38TH ESWYT","38TH ESWYT 124","UKRAINE",0.178024172591634,0.00261165771221504,2,0.992718291163969,1.80898979591837,2.82502315233004
"38TH ESWYT","38TH ESWYT 125","TUNISIA",0.249032102171096,0.83998854160214,1.97959183673469,0.369837090935127,3.91740206185567,23.3958341122429
"38TH ESWYT","38TH ESWYT 129","NEPAL",0.587829304101959,0.557678873513403,2,0.678262958370417,4.76598316326531,15.6689390946039
"38TH ESWYT","38TH ESWYT 130","NEPAL",0.151485820519526,0.102465524156227,2,0.747271506037503,3.75676551020408,8.52069058480776
"38TH ESWYT","38TH ESWYT 131","BANGLADESH",0.39596164059001,0.473318099999398,2,0.625906876711394,4.72672183673469,14.5551441534145
"38TH ESWYT","38TH ESWYT 134","MYANMAR",3.39951309128037e-16,0.207268341567832,2,3.28030133841527e-15,1.58530612244898,28.7179443349276
"38TH ESWYT","38TH ESWYT 135","MYANMAR",0.264719721469313,0.236655477945949,1.97959183673469,0.68889467831214,3.2659793814433,14.8951486659104
"38TH ESWYT","38TH ESWYT 136","AFGHANISTAN",0.0196561816646023,0.605978652255818,2,0.0609219133379131,10.6348982653061,7.31973439875151
"38TH ESWYT","38TH ESWYT 137","AFGHANISTAN",0.0845423640865115,0.903200431680156,2,0.157686345483113,7.40889775510204,12.8273949535729
"38TH ESWYT","38TH ESWYT 138","AFGHANISTAN",0.239446917928884,0.231629993411973,2,0.674001090645986,6.24572948979592,7.70573779235354
"38TH ESWYT","38TH ESWYT 139","AFGHANISTAN",1.69920077579111,2.89783211972212,2,0.539751497323034,5.4799112244898,31.0644084601037
"38TH ESWYT","38TH ESWYT 140","AFGHANISTAN",0.558604833981012,0.154439517759924,2,0.878551789680702,5.70127591836735,6.8929822292954
"38TH ESWYT","38TH ESWYT 141","AFGHANISTAN",0.529366425842951,1.80049947853083,2,0.370285702388392,8.92637147959184,15.0321653239983
"38TH ESWYT","38TH ESWYT 142","AFGHANISTAN",0.178108998147945,1.66698639627728,2,0.17606624303679,8.73405867346939,14.7825692706318
"38TH ESWYT","38TH ESWYT 143","AFGHANISTAN",0.020736740730591,0.0301263324650719,2,0.579240073220005,2.46460204081633,7.04249145163927
"38TH ESWYT","38TH ESWYT 144","AFGHANISTAN",0.198107975562285,0.42811102014147,2,0.480653872717574,8.47847653061224,7.71721111813827
"38TH ESWYT","38TH ESWYT 145","AFGHANISTAN",0.385162774087012,0.256840586542642,2,0.749952244469695,6.42146112244898,7.8921979391204
"38TH ESWYT","38TH ESWYT 152","EGYPT",2.19871594753438e-15,0.27004527937802,2,1.62840539379065e-14,3.20454551020408,16.2163030261612
"38TH ESWYT","38TH ESWYT 153","EGYPT",0.179935386445658,0.1601671876189,2,0.692008661325881,7.15103571428571,5.59651700745199
"38TH ESWYT","38TH ESWYT 157","MEXICO",0.184904591515952,0.355498509979003,2,0.509865242841624,5.70334693877551,10.4541590106921
"38TH ESWYT","38TH ESWYT 163","INDIA",0.202341923558061,0.0561598393016676,2,0.878136902041109,5.49951530612245,4.30911925238811
"38TH ESWYT","38TH ESWYT 165","TURKEY",0,0.807909109770918,2,0,3.96625326530612,22.6621343519318
"38TH ESWYT","38TH ESWYT 166","CHILE",0.530794466208659,0.265977025785184,2,0.799650613107531,9.24627551020408,5.57770104008979
"38TH ESWYT","38TH ESWYT 181","TURKEY",0.071982706503473,0.696680189358268,2,0.171255773660017,4.09523765306122,20.3815693505425
