"nursery","env","pred","real","r_cross"
"26TH ESWYT","26TH ESWYT 1",1.55871772425235,0.174659524322574,0.340325142358951
"26TH ESWYT","26TH ESWYT 100",0.60159932554577,0.0379673380772524,0.441908810188931
"26TH ESWYT","26TH ESWYT 101",1.10889812166831,0.219480784501821,0.602968828891568
"26TH ESWYT","26TH ESWYT 102",1.16709884340694,0.275591215497981,0.526337833529733
"26TH ESWYT","26TH ESWYT 117",1.05340053434079,0.285689637563931,0.470215859577219
"26TH ESWYT","26TH ESWYT 122",0.490431491809854,0.151071168958844,0.142382022561441
"26TH ESWYT","26TH ESWYT 123",0.582820560257474,0.16076997766145,0.36521325713731
"26TH ESWYT","26TH ESWYT 124",1.27363769879552,0.111097739086412,0.299410032296049
"26TH ESWYT","26TH ESWYT 125",0.560508500073654,-0.119256284646621,0.0859131190647231
"26TH ESWYT","26TH ESWYT 126",0.73545089785296,0.199758487359565,0.287491446812077
"26TH ESWYT","26TH ESWYT 129",1.43098456790269,0.111642936215248,0.238288955749739
"26TH ESWYT","26TH ESWYT 13",0.599037021746875,0.120270458679254,0.498457101868396
"26TH ESWYT","26TH ESWYT 14",1.18374814859547,0.240072343989871,0.456012735030395
"26TH ESWYT","26TH ESWYT 15",0.568911351424836,0.15800763490498,0.378712719961159
"26TH ESWYT","26TH ESWYT 16",0.0353708937994641,-0.276339392653173,0.134492419353632
"26TH ESWYT","26TH ESWYT 17",0.451029592129848,0.203046499727455,0.430145082462632
"26TH ESWYT","26TH ESWYT 2",0.41496794486178,0.119230528110971,0.322576527130178
"26TH ESWYT","26TH ESWYT 24",0.0230857577432699,0.0459195149714108,0.29901483685908
"26TH ESWYT","26TH ESWYT 25",0.804384034304483,0.0149286290247145,0.410536323041442
"26TH ESWYT","26TH ESWYT 26",1.45813444171001,0.249887675228424,0.46965650849328
"26TH ESWYT","26TH ESWYT 27",0.639247844541875,0.158137367884371,0.195799932441002
"26TH ESWYT","26TH ESWYT 29",0.832904274594578,-0.0540152633440597,0.200451843016997
"26TH ESWYT","26TH ESWYT 30",0.866897626294887,0.249266996645645,0.423740467048229
"26TH ESWYT","26TH ESWYT 31",0.300321760202168,0.073225070363393,0.108230411889598
"26TH ESWYT","26TH ESWYT 32",1.68738254703793,0.0616524328094135,-0.0762627345109199
"26TH ESWYT","26TH ESWYT 33",0.549935418483035,-0.0421246873066365,-0.0450580064526058
"26TH ESWYT","26TH ESWYT 34",0.770793690893736,0.113169371875105,0.454169047526939
"26TH ESWYT","26TH ESWYT 35",1.17143883159904,0.209532219024126,0.427077911292902
"26TH ESWYT","26TH ESWYT 37",0.366566196831792,-0.0709264308080821,0.13730998704088
"26TH ESWYT","26TH ESWYT 40",0.942344555135807,0.140690750594778,0.297363816187491
"26TH ESWYT","26TH ESWYT 46",0,0.192069778244994,0.0719767702643712
"26TH ESWYT","26TH ESWYT 47",0.294274291250995,0.0401029662284426,0.255859327010972
"26TH ESWYT","26TH ESWYT 48",0.760224273026446,0.01617599783994,0.309053029469702
"26TH ESWYT","26TH ESWYT 53",1.55769121626842,0.233907871120053,0.208762760133818
"26TH ESWYT","26TH ESWYT 56",1.15812002325902,0.149418079771906,0.413325894290498
"26TH ESWYT","26TH ESWYT 6",0.531679718313468,0.108300591452655,0.200297570187734
"26TH ESWYT","26TH ESWYT 62",0,0.212622856094844,0.526800595700319
"26TH ESWYT","26TH ESWYT 64",1.39623289240508,0.14789650500184,0.218777900682361
"26TH ESWYT","26TH ESWYT 69",0.223400590591038,0.103414027811854,0.101995486826739
"26TH ESWYT","26TH ESWYT 70",1.32107344370154,0.0617232333187641,0.309715276476669
"26TH ESWYT","26TH ESWYT 78",0.401760794555559,0.0909478821223099,0.245698511236905
"26TH ESWYT","26TH ESWYT 83",0.243098270088222,0.180671759238226,0.247733468221686
"26TH ESWYT","26TH ESWYT 84",0,0.0478373671934751,0.36158258574701
"26TH ESWYT","26TH ESWYT 86",1.7797151906117,0.175833772406659,0.282209497043869
"26TH ESWYT","26TH ESWYT 88",1.09538642248656,0.00126815457724297,0.0860267792019583
"26TH ESWYT","26TH ESWYT 96",0.905911014120859,0.137550125538869,0.427230635978302
"26TH ESWYT","26TH ESWYT 97",1.18962598990265,-0.0157329497753638,0.0907292820332391
"27TH ESWYT","27TH ESWYT 101",0.772315962648112,-0.00495741076031346,0.217917418926962
"27TH ESWYT","27TH ESWYT 102",1.49290981711177,0.128468810556656,-0.0312126020326538
"27TH ESWYT","27TH ESWYT 103",1.04109084631835,0.126843167597418,0.276239770192963
"27TH ESWYT","27TH ESWYT 104",0.908523780441264,0.1214745021962,0.162060031918481
"27TH ESWYT","27TH ESWYT 113",0.636477070034965,-0.0425671945698989,-0.111330667320993
"27TH ESWYT","27TH ESWYT 116",0.035019468932566,0.0667904725607163,0.0698300484500857
"27TH ESWYT","27TH ESWYT 117",0.493123722462553,-0.00914101171576476,0.165746695865089
"27TH ESWYT","27TH ESWYT 118",0.659471740336939,-0.0293539986372116,0.0550266963726523
"27TH ESWYT","27TH ESWYT 122",0.689120082176073,-0.0562696475210296,0.061611004750995
"27TH ESWYT","27TH ESWYT 129",1.10086923952462,0.103507994161809,0.0956542382601464
"27TH ESWYT","27TH ESWYT 13",0.621377104866003,0.157322280109152,0.218417001599829
"27TH ESWYT","27TH ESWYT 130",0.000333116933029529,-0.0592622177974353,0.0551349817714062
"27TH ESWYT","27TH ESWYT 133",0.329412461183124,-0.0048725487695507,-0.0480090388618241
"27TH ESWYT","27TH ESWYT 15",1.31491492989331,0.0510967779783147,0.280402262822842
"27TH ESWYT","27TH ESWYT 19",1.40568206321863,0.104732681671503,0.169187157742271
"27TH ESWYT","27TH ESWYT 21",0.120099175807096,0.00875709594179221,0.0729467308890059
"27TH ESWYT","27TH ESWYT 22",1.01439499448484,0.0911260485979784,0.114521439158965
"27TH ESWYT","27TH ESWYT 24",1.71025660328747,0.0194584551003065,0.219422271563124
"27TH ESWYT","27TH ESWYT 25",1.40697487383437,0.0277238845814775,0.144864234058546
"27TH ESWYT","27TH ESWYT 26",0.853294719131419,0.140152243842994,0.100176892988573
"27TH ESWYT","27TH ESWYT 27",0.283575717187696,0.079656137718478,0.0903903042174091
"27TH ESWYT","27TH ESWYT 30",2.53389015113079e-15,0.219760867090307,0.35280478281445
"27TH ESWYT","27TH ESWYT 31",0.813258293170482,0.122915919467783,0.461252078876813
"27TH ESWYT","27TH ESWYT 32",1.11082430601026,0.0164363421139127,0.14663823391004
"27TH ESWYT","27TH ESWYT 33",1.81350806419942,0.0988076256077498,0.339410438359852
"27TH ESWYT","27TH ESWYT 37",0.255107186546044,0.109985316281401,0.443080292021716
"27TH ESWYT","27TH ESWYT 38",0.729256979181439,0.164313847540865,0.371562448669084
"27TH ESWYT","27TH ESWYT 39",0.27680336398527,0.017350041675388,0.217924047057165
"27TH ESWYT","27TH ESWYT 4",0.839495536092634,-0.015963611897984,0.0202354050754552
"27TH ESWYT","27TH ESWYT 40",0.767301678424283,0.0109639492870829,0.173191283288041
"27TH ESWYT","27TH ESWYT 45",0.132210719149547,0.12435388605679,0.385087802198497
"27TH ESWYT","27TH ESWYT 46",0.746992316876823,0.0725518393971461,0.359115826238315
"27TH ESWYT","27TH ESWYT 48",0.752033828191351,0.173883561200348,0.456485758138072
"27TH ESWYT","27TH ESWYT 50",0.753737471695382,0.180942553049986,0.297857967374897
"27TH ESWYT","27TH ESWYT 51",0.290111815603858,-0.00251838288075324,0.112620875384988
"27TH ESWYT","27TH ESWYT 52",0,-0.0135707089358258,0.0451702239172104
"27TH ESWYT","27TH ESWYT 53",1.03350795940567,0.0907707140405028,0.168972907953917
"27TH ESWYT","27TH ESWYT 54",0.572923706022634,0.138021924364199,0.22625456430427
"27TH ESWYT","27TH ESWYT 55",0.92471271816171,0.0461042087339086,0.188488114834891
"27TH ESWYT","27TH ESWYT 6",1.37994626195877,0.0949557670293559,0.152723332017829
"27TH ESWYT","27TH ESWYT 62",0.837687999328512,-0.0259428901072896,0.0445883230699818
"27TH ESWYT","27TH ESWYT 63",0.443200275049146,0.00345725411126805,0.267296928177417
"27TH ESWYT","27TH ESWYT 64",0.873405936889758,0.197309148522342,0.368863097869076
"27TH ESWYT","27TH ESWYT 65",0.261635956206909,-0.0687178129234911,-0.215986518742652
"27TH ESWYT","27TH ESWYT 7",1.07652713573318,-0.045997302713652,0.00868852100348114
"27TH ESWYT","27TH ESWYT 73",0.303118032925844,0.0164720552029399,0.271163861067733
"27TH ESWYT","27TH ESWYT 8",0.383009284651694,0.099796372324606,0.097930535459416
"27TH ESWYT","27TH ESWYT 83",1.27090646749521,0.183680501726257,0.429400952488882
"27TH ESWYT","27TH ESWYT 84",0.345699281079447,0.0496873825871648,0.402439423622143
"27TH ESWYT","27TH ESWYT 85",1.50584303781903,-0.0454275034831204,0.0315092046198292
"27TH ESWYT","27TH ESWYT 86",0.830331012936976,0.0394238200948188,0.36836060140328
"27TH ESWYT","27TH ESWYT 89",1.13879379339961,0.231393564660518,0.392215806804682
"27TH ESWYT","27TH ESWYT 9",0.160887671431625,0.0101619216409677,0.280935267664292
"27TH ESWYT","27TH ESWYT 91",0.160315408660571,-0.0451479593023021,-0.00617364879015757
"27TH ESWYT","27TH ESWYT 93",0,-0.112851537376055,-0.172824577829853
"27TH ESWYT","27TH ESWYT 96",0.664905164753156,-0.206234365477576,-0.112385518182004
"27TH ESWYT","27TH ESWYT 97",0.348938415042539,-0.015812294849424,-0.037632592392137
"27TH ESWYT","27TH ESWYT 98",0.983881127591449,0.169852772273488,0.414249231900998
"29TH ESWYT","29TH ESWYT 10",1.12178203043976,0.168978962680825,0.572568081325485
"29TH ESWYT","29TH ESWYT 11",1.35302634712752,0.0816801506258007,0.490315910843424
"29TH ESWYT","29TH ESWYT 12",1.28418403755054,0.0437643935988179,0.288945567745186
"29TH ESWYT","29TH ESWYT 13",0.974610998725417,0.0694994395217854,0.354498090040428
"29TH ESWYT","29TH ESWYT 15",0.979799073097153,0.0971948512865769,0.34694321691959
"29TH ESWYT","29TH ESWYT 16",0.932632242122555,-0.0470017855824244,0.0515678602087676
"29TH ESWYT","29TH ESWYT 17",0.62462939832106,0.0238483121729089,0.135340552842329
"29TH ESWYT","29TH ESWYT 19",1.21942880305677,0.153289369399596,0.368329474139566
"29TH ESWYT","29TH ESWYT 20",0.675676263991037,0.00108652015325326,0.291187657920841
"29TH ESWYT","29TH ESWYT 22",1.37843326630096,-0.0224813016147248,0.00573248771973493
"29TH ESWYT","29TH ESWYT 24",0,0.0334128295587229,-0.0317163487612792
"29TH ESWYT","29TH ESWYT 3",0.799762971935513,-0.0629124244637452,0.000366345687674347
"29TH ESWYT","29TH ESWYT 30",0.373358624801332,0.0540689057560351,0.413650967238798
"29TH ESWYT","29TH ESWYT 33",0.47286711393614,0.0772140193499008,0.387025040671222
"29TH ESWYT","29TH ESWYT 39",0.324756867472605,-0.0858182849502514,-0.0458549621814603
"29TH ESWYT","29TH ESWYT 41",0.786618347404899,-0.00537811293634655,0.0639868322854925
"29TH ESWYT","29TH ESWYT 49",0.11117005451705,0.104679238956137,-0.0505798654783601
"29TH ESWYT","29TH ESWYT 50",1.07726597487444,0.199795077757915,0.503700342944132
"29TH ESWYT","29TH ESWYT 501",0,0.172591073382865,0.539530671247801
"29TH ESWYT","29TH ESWYT 504",0.833083468183946,-0.0525863086985434,0.00118167976750324
"29TH ESWYT","29TH ESWYT 507",0.322499913450704,0.0490698034858507,0.269975800215013
"29TH ESWYT","29TH ESWYT 508",0.522354733721919,-0.00818739659921403,0.229172234022026
"29TH ESWYT","29TH ESWYT 509",0.615664863386375,-0.0417928422724409,0.277197977813433
"29TH ESWYT","29TH ESWYT 51",0.766640601207807,0.0614523436824378,-0.0557506057451259
"29TH ESWYT","29TH ESWYT 516",0.951710133155657,0.158109650702942,0.247329843675961
"29TH ESWYT","29TH ESWYT 518",0.985228504486209,0.256548873380896,0.588240311500312
"29TH ESWYT","29TH ESWYT 519",0.894449162866683,0.200108180862516,0.519766920626845
"29TH ESWYT","29TH ESWYT 52",0.0902343682585952,0.006915343114514,0.158522665547869
"29TH ESWYT","29TH ESWYT 520",0.346245317290783,0.149107327564706,0.376170369270132
"29TH ESWYT","29TH ESWYT 521",0.494289356424968,0.141434907947362,0.378745405841911
"29TH ESWYT","29TH ESWYT 522",0.36224558770808,0.087146107294244,0.127894949844307
"29TH ESWYT","29TH ESWYT 523",0.732336927551299,-0.0344163061501073,0.0288919831271742
"29TH ESWYT","29TH ESWYT 525",0.157480189899203,0.0548489090554339,0.0805513109525817
"29TH ESWYT","29TH ESWYT 529",0.640771332233073,-0.1028273366738,-2.43525147327796e-05
"29TH ESWYT","29TH ESWYT 541",0.769609096205387,0.14139083870043,0.260351129633123
"29TH ESWYT","29TH ESWYT 542",0.131852471068301,0.00142549862017819,0.11221783339475
"29TH ESWYT","29TH ESWYT 543",0.680013365583227,0.0765762246704245,0.0795340254161463
"29TH ESWYT","29TH ESWYT 544",1.02284813888066,0.186084597538696,0.311139885258878
"29TH ESWYT","29TH ESWYT 545",0.714875798252919,0.185949336195663,0.556611340629772
"29TH ESWYT","29TH ESWYT 546",0.952810218899433,0.0598623815103711,0.579728197875244
"29TH ESWYT","29TH ESWYT 547",0.731942056187935,-0.0068336829259774,0.124578067798878
"29TH ESWYT","29TH ESWYT 548",0.274583516984057,0.144185608676018,0.284095614535552
"29TH ESWYT","29TH ESWYT 63",0.815145395873331,-0.0382885996714899,0.0430543158085665
"29TH ESWYT","29TH ESWYT 64",1.49562268336396,0.143102710546062,0.293918372677154
"29TH ESWYT","29TH ESWYT 65",1.1610936268064,0.0962278269749094,0.121829439775036
"29TH ESWYT","29TH ESWYT 66",0.893944244135623,-0.0675491631049576,-0.029448538840661
"29TH ESWYT","29TH ESWYT 68",0.588961855729983,0.152137557951436,0.436860382189178
"29TH ESWYT","29TH ESWYT 69",0.722126110896158,0.183021014379886,0.317928424897565
"29TH ESWYT","29TH ESWYT 72",1.27149164819579,0.0044962482775183,-0.226960027241565
"29TH ESWYT","29TH ESWYT 73",1.65329795333325,-0.0366091148636616,0.0706637734305798
"29TH ESWYT","29TH ESWYT 74",1.02831824671055,-0.00614635914634819,0.106540933891164
"29TH ESWYT","29TH ESWYT 75",1.04286067538974,0.21863822734143,0.59066426297203
"29TH ESWYT","29TH ESWYT 76",1.50595730514948,0.0135441671353039,0.175744924638455
"29TH ESWYT","29TH ESWYT 77",1.83808426590642,0.0905173580451985,-0.0173151310300744
"29TH ESWYT","29TH ESWYT 81",0.6234385090159,-0.155216430390202,-0.0431767788125211
"29TH ESWYT","29TH ESWYT 82",1.45510222271442,-0.116445383202193,-0.0773607752210623
"29TH ESWYT","29TH ESWYT 83",1.7178007435166,0.127999551888767,0.232167474326996
"29TH ESWYT","29TH ESWYT 87",0,0.168101788939983,0.143588733070472
"29TH ESWYT","29TH ESWYT 88",0.273963698798917,0.208549149312964,0.234477960008814
"29TH ESWYT","29TH ESWYT 89",0.605611455195832,0.132209604470451,0.122968369838524
"38TH ESWYT","38TH ESWYT 1",0.111868320494641,0.0305068913111676,0.243578063180531
"38TH ESWYT","38TH ESWYT 10",0.27670792145578,0.0829312124676305,-0.0232002618594109
"38TH ESWYT","38TH ESWYT 101",0,0.0825521666337079,0.162499737926069
"38TH ESWYT","38TH ESWYT 102",1.67046014233206,-0.0248408045739592,0.0923686926353702
"38TH ESWYT","38TH ESWYT 103",0.0827861191482098,-0.120989458326303,0.109894860671725
"38TH ESWYT","38TH ESWYT 105",1.7667046317853,0.0870824292670386,-0.0397544412556467
"38TH ESWYT","38TH ESWYT 107",1.72793808860053,-0.0956901677409543,-0.283532121913435
"38TH ESWYT","38TH ESWYT 109",0.227594680690686,-0.105055757325086,-0.0801401910361944
"38TH ESWYT","38TH ESWYT 110",1.29851794919274,-0.0877022322590309,-0.22553255050821
"38TH ESWYT","38TH ESWYT 111",0.525939111740957,0.043573121334475,0.11715472616205
"38TH ESWYT","38TH ESWYT 113",0.707303282456407,0.226847402039014,0.439615060537227
"38TH ESWYT","38TH ESWYT 114",0.0827861191482098,-0.120989458326303,0.109894860671725
"38TH ESWYT","38TH ESWYT 115",0.522172581363924,0.00286229221384781,0.146839054041439
"38TH ESWYT","38TH ESWYT 116",0.703095241464711,-0.0193739076674719,0.0585034943697501
"38TH ESWYT","38TH ESWYT 119",4.97300892989725e-15,-0.0162950640993192,0.278966480775316
"38TH ESWYT","38TH ESWYT 12",1.27929956156807,0.0759775793176749,0.0766620256222247
"38TH ESWYT","38TH ESWYT 120",0,0.20674610181402,0.342813079505123
"38TH ESWYT","38TH ESWYT 124",1.99005737215426,-0.0189842756480868,-0.0396580512538657
"38TH ESWYT","38TH ESWYT 125",0.398346576379589,0.00057781916844501,0.0938731607873279
"38TH ESWYT","38TH ESWYT 129",0.773421099543165,-0.00542109613962119,0.171761522381881
"38TH ESWYT","38TH ESWYT 130",1.2240002958858,-0.0289777339579603,0.0425925373318348
"38TH ESWYT","38TH ESWYT 131",0.898363541381637,0.155213909116041,0.3204292046782
"38TH ESWYT","38TH ESWYT 134",3.55732833739543e-15,0.0397243948592512,0.0764564101683981
"38TH ESWYT","38TH ESWYT 135",0.917101401675501,0.081519435816503,0.215149721729072
"38TH ESWYT","38TH ESWYT 136",0.0776270046737426,-0.0618126086083401,-0.00247247511999568
"38TH ESWYT","38TH ESWYT 137",0.179449989921422,-0.029210450874078,0.275959080997581
"38TH ESWYT","38TH ESWYT 138",0.775052438277302,0.121719459974955,0.410092462426346
"38TH ESWYT","38TH ESWYT 139",0.771990502321471,-0.0496699314163559,0.15828855451767
"38TH ESWYT","38TH ESWYT 14",1.01933345429812,0.194539259474429,0.420812721593445
"38TH ESWYT","38TH ESWYT 140",1.14023834171037,0.0524063427399891,0.165743151101461
"38TH ESWYT","38TH ESWYT 141",0.453831896748946,0.199473908605279,0.211140895386094
"38TH ESWYT","38TH ESWYT 142",0.239994636512972,-0.0174307119703846,0.0653692397380702
"38TH ESWYT","38TH ESWYT 143",0.871110483500296,0.0510806553707475,0.123492374209182
"38TH ESWYT","38TH ESWYT 144",0.496165690664493,0.025294546210981,0.394350481709526
"38TH ESWYT","38TH ESWYT 145",0.830327931295509,0.143172177858763,0.316707756659469
"38TH ESWYT","38TH ESWYT 152",1.70538633558146e-14,-0.159921279315139,-0.154193238601871
"38TH ESWYT","38TH ESWYT 153",1.23795526492072,0.113413723638185,0.278021716996987
"38TH ESWYT","38TH ESWYT 157",0.680307598856915,0.0381875091132159,0.280448547832935
"38TH ESWYT","38TH ESWYT 163",1.54503888922307,0.00137273544020933,0.16787542768487
"38TH ESWYT","38TH ESWYT 165",0,0.181150262568037,0.0261102288655221
"38TH ESWYT","38TH ESWYT 166",1.1183663355298,0.156361814694147,0.351328248230019
"38TH ESWYT","38TH ESWYT 181",0.154242162336944,-0.063895592306989,-0.220793791325573
"38TH ESWYT","38TH ESWYT 19",0.654680542075022,0.0730013806798937,0.0934053257830341
"38TH ESWYT","38TH ESWYT 2",2.89490183876547e-14,0.233666459802308,0.375006820507429
"38TH ESWYT","38TH ESWYT 25",0.905498022216096,0.19954731998482,0.615534403322121
"38TH ESWYT","38TH ESWYT 26",0.528213241457572,0.18508772147733,0.511643736909502
"38TH ESWYT","38TH ESWYT 27",1.22845984675279,0.0786659842548473,0.300432668308968
"38TH ESWYT","38TH ESWYT 30",0.821710852240448,0.0651185077356431,0.19973235577958
"38TH ESWYT","38TH ESWYT 33",1.81838498494011,-0.0229470397111298,-0.0447545484025947
"38TH ESWYT","38TH ESWYT 35",1.03527662080348,0.305456360183542,0.504809179429066
"38TH ESWYT","38TH ESWYT 36",0.926898996609729,0.0438805310386244,-0.178383462007103
"38TH ESWYT","38TH ESWYT 4",1.14022272792244,0.0372185507121723,0.218617418689773
"38TH ESWYT","38TH ESWYT 42",0,0.114535231539215,0.136909616684856
"38TH ESWYT","38TH ESWYT 45",1.24027236248595,0.114472251706846,0.276598222735234
"38TH ESWYT","38TH ESWYT 49",0.12931069052554,-0.127450579352985,-0.0810777667583653
"38TH ESWYT","38TH ESWYT 5",1.1015797141173,0.0367910253940009,-0.0286028206073556
"38TH ESWYT","38TH ESWYT 51",0,0.1373501217447,0.267531144213304
"38TH ESWYT","38TH ESWYT 54",1.15760908328628,0.069452522757352,0.0821837964286889
"38TH ESWYT","38TH ESWYT 57",0.691280243263133,0.17694463399453,0.307601517946464
"38TH ESWYT","38TH ESWYT 58",0.735002119748546,0.00285952473454403,0.156594098885339
"38TH ESWYT","38TH ESWYT 59",0.144817745060149,0.0001898033224476,0.150947689055349
"38TH ESWYT","38TH ESWYT 6",0.191361686720067,-0.0744914385589855,-0.137267428039465
"38TH ESWYT","38TH ESWYT 60",1.4954835701376,-0.0573213049100929,0.079216395488454
"38TH ESWYT","38TH ESWYT 62",0,0.00831721005061649,0.0636302414522925
"38TH ESWYT","38TH ESWYT 63",0.399358794726399,-0.0928305916575003,-0.108776791412701
"38TH ESWYT","38TH ESWYT 64",1.19065470749537,0.192984519900799,0.452691024218746
"38TH ESWYT","38TH ESWYT 65",1.01669547777304,0.130814224845231,0.182339159937126
"38TH ESWYT","38TH ESWYT 66",0.629268532223532,-0.0638967581557518,0.125237314975379
"38TH ESWYT","38TH ESWYT 67",0.184589059455818,0.155308271610551,0.0297513982625819
"38TH ESWYT","38TH ESWYT 68",0.286033645846613,0.216302883336365,0.201503147679244
"38TH ESWYT","38TH ESWYT 7",0.736013253333124,0.234747586474389,0.402023318885506
"38TH ESWYT","38TH ESWYT 74",1.67782129881957,0.0474341982781461,0.16893787337944
"38TH ESWYT","38TH ESWYT 75",0.244194107440624,0.038203262636061,0.0989317321390473
"38TH ESWYT","38TH ESWYT 8",0,0.141955281294787,0.246925126042392
"38TH ESWYT","38TH ESWYT 81",1.44097533651426,0.139495253015691,0.142181414180066
"38TH ESWYT","38TH ESWYT 82",0.730773470469727,0.11046202022958,0.133596636985223
"38TH ESWYT","38TH ESWYT 83",0,0.0725024338067845,0.193928297410793
"38TH ESWYT","38TH ESWYT 84",0.563663241303516,0.120982309996705,0.127614957972751
"38TH ESWYT","38TH ESWYT 86",0.678945752816438,-0.0692790165097295,0.0948916270821213
"38TH ESWYT","38TH ESWYT 88",0.880553408352571,-0.0296734956208774,0.0767151721747049
"38TH ESWYT","38TH ESWYT 89",0.357786759591984,-0.0332694117630984,0.102988312193472
"38TH ESWYT","38TH ESWYT 9",1.11393417344999,-0.000857740891786081,0.206969407444433
