"set","nursery","nenv","H2_single_mean","H2_single_median","H2_true1","H2_MET","rho","realised_over_predicted","inflation"
"All environments","26TH ESWYT",47,0.54391794828445,0.608591254953753,0.101196583728815,0.841061608219516,4.45229974902593,0.154391485355213,0.442721364555635
"All environments","27TH ESWYT",58,0.500263336897268,0.529393192470393,0.0385584371931894,0.699345716876343,12.818462011898,0.0664960320811298,0.461704899704079
"All environments","29TH ESWYT",60,0.557711291250214,0.574287501143101,0.0503799061667054,0.760946370909047,9.94295765885115,0.0919456784693602,0.507331385083508
"All environments","38TH ESWYT",82,0.490027019312165,0.54846958833328,0.0324000380413493,0.733031911671802,17.3387360154147,0.078321277059956,0.457626981270816
"South Asia only","26TH ESWYT",19,0.599359038719196,0.668276629996666,0.103247313626881,0.686280267202467,4.53971021615837,0.152355557635164,0.496111725092316
"South Asia only","27TH ESWYT",24,0.547204072847776,0.605037116054389,0.0754118709232202,0.661877034984136,8.01705291477368,0.0829559635111096,0.471792201924556
"South Asia only","29TH ESWYT",19,0.704793331019722,0.706264041004156,0.0400189565140152,0.441982187103983,18.0605560111319,0.0665603258817992,0.664774374505707
"South Asia only","38TH ESWYT",33,0.492181761762122,0.533866852061712,0.0227624686468124,0.434599572656464,29.3493780040486,0.0544142824080329,0.469419293115309
"CV <= 20% only","26TH ESWYT",40,0.584705812906106,0.656193170833572,0.118901312788407,0.843697879275031,4.19960874289256,0.159188796633042,0.465804500117699
"CV <= 20% only","27TH ESWYT",51,0.530211274492574,0.565071305692923,0.0554463881998379,0.749609322768829,9.76305638027338,0.0913801172612647,0.474764886292736
"CV <= 20% only","29TH ESWYT",57,0.566096480957509,0.578802801705081,0.0543144814878415,0.766012729306453,9.16894858422248,0.0980464439552888,0.511781999469667
"CV <= 20% only","38TH ESWYT",69,0.530486192046609,0.59794392268249,0.0395968130407565,0.739910216676803,15.0108285612774,0.0873618911947866,0.490889379005853
