"source","id","H2_single","rho","H2_true1","fill","H2_deflated","error","balanced"
"agridat","acorsi.grayleafspot",0.69016175446317,1.8519862865101,0.320007805153303,1,0.241993363617362,-0.0780144415359406,TRUE
"agridat","barrero.maize",0.751786187466592,0.504781884957039,0.103224166546727,0.0378024694082468,0.499598111182775,0.396373944636048,FALSE
"agridat","buntaran.wheat",0.691178888524308,2.91703792373512,0.188551734913715,0.998148148148148,0.176454479630166,-0.0120972552835486,TRUE
"agridat","damesa.maize",0.474855823999122,6.11955794232129,0.058695374644241,1,0.0666973747311477,0.00800200008690671,TRUE
"agridat","dasilva.maize",0.621350770459648,1.02605997991041,0.31093148547908,1,0.306679356297795,-0.00425212918128498,TRUE
"agridat","edwards.oats",0.781794468348995,0.905976202192733,0.351118334774635,0.454044117647059,0.410180603225569,0.0590622684509344,FALSE
"agridat","gauch.soy",0.728910391685563,3.04116092918938,0.201858596381204,1,0.180371532947532,-0.0214870634336716,TRUE
"agridat","george.wheat",0.839717947025018,0.785688709768379,0.363285523747558,0.16454240095707,0.47024878548621,0.106963261738652,FALSE
"agridat","kang.peanut",0.637333973026884,24.9094522743126,0.0295646297458444,1,0.0245985120132684,-0.00496611773257595,TRUE
"agridat","lee.potatoblight",0.846709417162621,0.187279968559161,0.376512190356528,0.160237388724036,0.71315059597119,0.336638405614662,FALSE
"agridat","lu.stability",0.646625419727995,1.11127443502242,0.364143769067594,1,0.306272556992871,-0.0578712120747232,TRUE
"agridat","omer.sorghum",0.828242809084362,18.2517910821745,0.0407765394986503,1,0.0430215976035208,0.00224505810487052,TRUE
"agridat","onofri.winterwheat",0.795601653611425,3.61595036396931,0.176401888083935,1,0.172359230684465,-0.00404265739947032,TRUE
"agridat","shafii.rapeseed",0.632526686024391,225.996121725772,0.00330255976108302,1,0.00278650877916112,-0.000516050981921895,TRUE
"agridat","shaw.oats",0.88542007835278,0.787170391258017,0.517251463417518,1,0.495431259763384,-0.0218202036541336,TRUE
"agridat","tesfaye.millet",0.57939499033576,1.09593020800071,0.210331811045628,0.495440729483283,0.276438112358922,0.0661063013132945,FALSE
"agridat","vargas.wheat1.traits",0.970964895295856,0.0677296657118045,0.911962791718104,1,0.909373342782005,-0.00258944893609947,TRUE
"agridat","verbyla.lupin",0.629215192660226,5.00287205047975,0.134753789218372,0.94949494949495,0.10481902452176,-0.0299347646966118,TRUE
"CIMMYT","26TH ESWYT",0.54391794828445,4.45229974902593,0.101196583728815,1,0.0997593627132519,-0.00143722101556312,TRUE
"CIMMYT","27TH ESWYT",0.500263336897268,12.818462011898,0.0385584371931894,0.999648135116115,0.0362025337165981,-0.00235590347659126,TRUE
"CIMMYT","29TH ESWYT",0.557711291250214,9.94295765885115,0.0503799061667054,1,0.050965315652036,0.000585409485330625,TRUE
"CIMMYT","38TH ESWYT",0.490027019312165,17.3387360154147,0.0324000380413493,1,0.0267208720873822,-0.00567916595396711,TRUE
